Tipo;Nome;Codigo;Circulo;Concelho;Zona;Ativo;Meta
"Circulo";"Africa";"";"";"";"";"Sim";""
"Circulo";"Américas";"";"";"";"";"Sim";"2600"
"Circulo";"Boa Vista";"";"";"";"";"Sim";""
"Circulo";"Brava";"";"";"";"";"Sim";""
"Circulo";"Europa e Resto do Mundo";"";"";"";"";"Sim";""
"Circulo";"Fogo";"";"";"";"";"Sim";""
"Circulo";"Maio";"";"";"";"";"Sim";""
"Circulo";"Sal";"";"";"";"";"Sim";""
"Circulo";"Santiago Norte";"";"";"";"";"Sim";""
"Circulo";"Santiago Sul";"";"";"";"";"Sim";""
"Circulo";"Santo Antão";"";"";"";"";"Sim";""
"Circulo";"São Nicolau";"";"";"";"";"Sim";""
"Circulo";"São Vicente";"";"";"";"";"Sim";""
"Concelho";"ANGOLA";"ANG";"Africa";"";"";"Sim";"380"
"Concelho";"Boa Vista";"BV";"Boa Vista";"";"";"Sim";""
"Concelho";"Brava";"BR";"Brava";"";"";"Sim";""
"Concelho";"BÉLGICA";"BE";"Europa e Resto do Mundo";"";"";"Sim";""
"Concelho";"CHINA";"CH";"Europa e Resto do Mundo";"";"";"Sim";"45"
"Concelho";"ESTADOS UNIDOS DA AMÉRICA";"EUA";"Américas";"";"";"Sim";""
"Concelho";"FRANÇA";"FR";"Europa e Resto do Mundo";"";"";"Sim";"900"
"Concelho";"Guiné-Bissau";"GB";"Africa";"";"";"Sim";"120"
"Concelho";"ITÁLIA";"IT";"Europa e Resto do Mundo";"";"";"Sim";"300"
"Concelho";"LUXEMBOURG";"LUX";"Europa e Resto do Mundo";"";"";"Sim";"300"
"Concelho";"Maio";"MA";"Maio";"";"";"Sim";""
"Concelho";"Mosteiros";"MO";"Fogo";"";"";"Sim";""
"Concelho";"Moçambique";"MZ";"Africa";"";"";"Sim";""
"Concelho";"NETHERLANDS";"NL";"Europa e Resto do Mundo";"";"";"Sim";"250"
"Concelho";"PORTUGAL";"PT";"Europa e Resto do Mundo";"";"";"Sim";"2500"
"Concelho";"Paul";"PA";"Santo Antão";"";"";"Sim";""
"Concelho";"Porto Novo";"PN";"Santo Antão";"";"";"Sim";""
"Concelho";"Praia";"PR";"Santiago Sul";"";"";"Sim";""
"Concelho";"Reino Unido";"UK";"Europa e Resto do Mundo";"";"";"Sim";"50"
"Concelho";"Ribeira Brava";"RB";"São Nicolau";"";"";"Sim";""
"Concelho";"Ribeira Grande";"RGSA";"Santo Antão";"";"";"Sim";""
"Concelho";"Ribeira Grande de Santiago";"RGST";"Santiago Sul";"";"";"Sim";""
"Concelho";"SUÍÇA";"SW";"Europa e Resto do Mundo";"";"";"Sim";"300"
"Concelho";"Sal";"SL";"Sal";"";"";"Sim";""
"Concelho";"Santa Catarina";"SCST";"Santiago Norte";"";"";"Sim";""
"Concelho";"Santa Catarina do Fogo";"SCFG";"Fogo";"";"";"Sim";""
"Concelho";"Santa Cruz";"SZ";"Santiago Norte";"";"";"Sim";""
"Concelho";"Senegal";"SNG";"Africa";"";"";"Sim";"260"
"Concelho";"SÃO LOURENÇO DOS ÓRGÃOS";"SLO";"Santiago Norte";"";"";"Sim";""
"Concelho";"SÃO TOMÉ E PRÍNCIPE";"STP";"Africa";"";"";"Sim";"800"
"Concelho";"São Domingos";"SD";"Santiago Sul";"";"";"Sim";""
"Concelho";"São Filipe";"SF";"Fogo";"";"";"Sim";""
"Concelho";"São Miguel";"SM";"Santiago Norte";"";"";"Sim";""
"Concelho";"São Salvador do Mundo";"SSM";"Santiago Norte";"";"";"Sim";""
"Concelho";"São Vicente";"SV";"São Vicente";"";"";"Sim";""
"Concelho";"TARRAFAL DE SÃO NICOLAU";"TFSN";"São Nicolau";"";"";"Sim";""
"Concelho";"Tarrafal";"TFST";"Santiago Norte";"";"";"Sim";""
"Zona";"Bairro Madeira";"";"";"ANGOLA";"";"Sim";""
"Zona";"Bairro operario";"";"";"ANGOLA";"";"Sim";""
"Zona";"Benguela";"";"";"ANGOLA";"";"Sim";""
"Zona";"CACUACO";"";"";"ANGOLA";"";"Sim";""
"Zona";"Cabinda";"";"";"ANGOLA";"";"Sim";""
"Zona";"Embaixada de CV";"";"";"ANGOLA";"";"Sim";""
"Zona";"Gabela - Quilenda";"";"";"ANGOLA";"";"Sim";""
"Zona";"ILHA DO CABO";"";"";"ANGOLA";"";"Sim";""
"Zona";"Lobito";"";"";"ANGOLA";"";"Sim";""
"Zona";"Lubango";"";"";"ANGOLA";"";"Sim";""
"Zona";"Mabuia";"";"";"ANGOLA";"";"Sim";""
"Zona";"Morro Bento";"";"";"ANGOLA";"";"Sim";""
"Zona";"Prenda";"";"";"ANGOLA";"";"Sim";""
"Zona";"Sumbe";"";"";"ANGOLA";"";"Sim";""
"Zona";"VIANA VILA";"";"";"ANGOLA";"";"Sim";""
"Zona";"Bofareira";"";"";"Boa Vista";"";"Sim";"70"
"Zona";"Cabeça dos Tarafes";"";"";"Boa Vista";"";"Sim";"14"
"Zona";"Cidade de Sal-Rei";"";"";"Boa Vista";"";"Sim";"1198"
"Zona";"Estancia de Baixo";"";"";"Boa Vista";"";"Sim";"132"
"Zona";"Fundo das Figueiras";"";"";"Boa Vista";"";"Sim";"84"
"Zona";"João Galego";"";"";"Boa Vista";"";"Sim";"154"
"Zona";"Povoação Velha";"";"";"Boa Vista";"";"Sim";"64"
"Zona";"Rabil";"";"";"Boa Vista";"";"Sim";"306"
"Zona";"BALEIA";"";"";"Brava";"";"Sim";"23"
"Zona";"BELEM";"";"";"Brava";"";"Sim";"24"
"Zona";"Braga";"";"";"Brava";"";"Sim";"30"
"Zona";"CACHAÇO";"";"";"Brava";"";"Sim";"53"
"Zona";"CAMPO BAIXO";"";"";"Brava";"";"Sim";"48"
"Zona";"COVA DE JOANA";"";"";"Brava";"";"Sim";"45"
"Zona";"COVA RODELA";"";"";"Brava";"";"Sim";"95"
"Zona";"FAJA D`AGUA";"";"";"Brava";"";"Sim";"15"
"Zona";"FURNA";"";"";"Brava";"";"Sim";"222"
"Zona";"JOÃO DA NOLI";"";"";"Brava";"";"Sim";"28"
"Zona";"LEM";"";"";"Brava";"";"Sim";"161"
"Zona";"MATO";"";"";"Brava";"";"Sim";"103"
"Zona";"MATO GRANDE";"";"";"Brava";"";"Sim";"47"
"Zona";"NOSSA SENHORA DO MONTE";"";"";"Brava";"";"Sim";"118"
"Zona";"PAU";"";"";"Brava";"";"Sim";"17"
"Zona";"SANTA BARBARA";"";"";"Brava";"";"Sim";"27"
"Zona";"TANTUM";"";"";"Brava";"";"Sim";"92"
"Zona";"VILA NOVA SINTRA";"";"";"Brava";"";"Sim";"302"
"Zona";"Antuerpia";"";"";"BÉLGICA";"";"Sim";"35"
"Zona";"Bruxelas";"";"";"BÉLGICA";"";"Sim";"25"
"Zona";"BEIJING";"";"";"CHINA";"";"Sim";""
"Zona";"MACAU";"";"";"CHINA";"";"Sim";""
"Zona";"Amherst A";"";"";"ESTADOS UNIDOS DA AMÉRICA";"";"Sim";"40"
"Zona";"Bridgeport A";"";"";"ESTADOS UNIDOS DA AMÉRICA";"";"Sim";"7"
"Zona";"Brockton A";"";"";"ESTADOS UNIDOS DA AMÉRICA";"";"Sim";"800"
"Zona";"Cambridge";"";"";"ESTADOS UNIDOS DA AMÉRICA";"";"Sim";"25"
"Zona";"Dorchester A";"";"";"ESTADOS UNIDOS DA AMÉRICA";"";"Sim";"600"
"Zona";"Flórida";"";"";"ESTADOS UNIDOS DA AMÉRICA";"";"Sim";"25"
"Zona";"New Bedford A";"";"";"ESTADOS UNIDOS DA AMÉRICA";"";"Sim";"70"
"Zona";"New Jersey";"";"";"ESTADOS UNIDOS DA AMÉRICA";"";"Sim";"7"
"Zona";"Norwich A";"";"";"ESTADOS UNIDOS DA AMÉRICA";"";"Sim";"5"
"Zona";"Pennsylvania";"";"";"ESTADOS UNIDOS DA AMÉRICA";"";"Sim";"7"
"Zona";"Quincy";"";"";"ESTADOS UNIDOS DA AMÉRICA";"";"Sim";"80"
"Zona";"Rhode Island";"";"";"ESTADOS UNIDOS DA AMÉRICA";"";"Sim";"250"
"Zona";"Roxbury";"";"";"ESTADOS UNIDOS DA AMÉRICA";"";"Sim";"20"
"Zona";"Taunton";"";"";"ESTADOS UNIDOS DA AMÉRICA";"";"Sim";"160"
"Zona";"Washington DC";"";"";"ESTADOS UNIDOS DA AMÉRICA";"";"Sim";"12"
"Zona";"Waterbury A";"";"";"ESTADOS UNIDOS DA AMÉRICA";"";"Sim";"11"
"Zona";"Yonkers";"";"";"ESTADOS UNIDOS DA AMÉRICA";"";"Sim";"18"
"Zona";"AMIENS";"";"";"FRANÇA";"";"Sim";""
"Zona";"Annemasse";"";"";"FRANÇA";"";"Sim";""
"Zona";"CANNES";"";"";"FRANÇA";"";"Sim";""
"Zona";"CHAMPIGNY SUR MARNE";"";"";"FRANÇA";"";"Sim";""
"Zona";"CHELLES";"";"";"FRANÇA";"";"Sim";""
"Zona";"CREIL";"";"";"FRANÇA";"";"Sim";""
"Zona";"EMBAIXADA";"";"";"FRANÇA";"";"Sim";""
"Zona";"JUVISY";"";"";"FRANÇA";"";"Sim";""
"Zona";"LYON";"";"";"FRANÇA";"";"Sim";""
"Zona";"MARSEILLE";"";"";"FRANÇA";"";"Sim";""
"Zona";"MELUN";"";"";"FRANÇA";"";"Sim";""
"Zona";"NICE";"";"";"FRANÇA";"";"Sim";""
"Zona";"OYONNAX";"";"";"FRANÇA";"";"Sim";""
"Zona";"PONTOISE";"";"";"FRANÇA";"";"Sim";""
"Zona";"ROUBAIX";"";"";"FRANÇA";"";"Sim";""
"Zona";"TOULOUSE";"";"";"FRANÇA";"";"Sim";""
"Zona";"VILLENEUVE SAINT GEORGES";"";"";"FRANÇA";"";"Sim";""
"Zona";"Chão de Papel";"";"";"Guiné-Bissau";"";"Sim";""
"Zona";"Campania";"";"";"ITÁLIA";"";"Sim";""
"Zona";"Emilia";"";"";"ITÁLIA";"";"Sim";""
"Zona";"Lacio";"";"";"ITÁLIA";"";"Sim";""
"Zona";"Liguria";"";"";"ITÁLIA";"";"Sim";""
"Zona";"Lombardia";"";"";"ITÁLIA";"";"Sim";""
"Zona";"Piemonte";"";"";"ITÁLIA";"";"Sim";""
"Zona";"Sicilia";"";"";"ITÁLIA";"";"Sim";""
"Zona";"Toscana";"";"";"ITÁLIA";"";"Sim";""
"Zona";"Esch-Sur-Alzette Sul";"";"";"LUXEMBOURG";"";"Sim";""
"Zona";"Ettelbruck Norte";"";"";"LUXEMBOURG";"";"Sim";""
"Zona";"Luxemburgo Centro";"";"";"LUXEMBOURG";"";"Sim";""
"Zona";"Alcatraz";"GG";"";"Maio";"";"Sim";"98"
"Zona";"Barreiro";"CC";"";"Maio";"";"Sim";"274"
"Zona";"Calheta";"MM";"";"Maio";"";"Sim";"239"
"Zona";"Cascabulho";"JJ";"";"Maio";"";"Sim";"47"
"Zona";"Figueiras";"DD";"";"Maio";"";"Sim";"144"
"Zona";"Morrinho";"LL";"";"Maio";"";"Sim";"122"
"Zona";"Morro";"NN";"";"Maio";"";"Sim";"55"
"Zona";"PEDROVAZ";"";"";"Maio";"";"Sim";""
"Zona";"PILAOCAO";"";"";"Maio";"";"Sim";""
"Zona";"PRAIAGONÇALO";"";"";"Maio";"";"Sim";""
"Zona";"Pedro Vaz";"HH";"";"Maio";"";"Sim";"93"
"Zona";"Pilão Cão";"FF";"";"Maio";"";"Sim";"40"
"Zona";"Praia Gonçalo";"II";"";"Maio";"";"Sim";"26"
"Zona";"RIBEIRADOMJOAO";"";"";"Maio";"";"Sim";""
"Zona";"Ribeira Dom João";"EE";"";"Maio";"";"Sim";"101"
"Zona";"VILA";"";"";"Maio";"";"Sim";""
"Zona";"Vila Porto Inglês";"AA/BB";"";"Maio";"";"Sim";"699"
"Zona";"ACHADA GRANDE";"";"";"Mosteiros";"";"Sim";"49"
"Zona";"ATALAIA";"";"";"Mosteiros";"";"Sim";"123"
"Zona";"CORVO";"";"";"Mosteiros";"";"Sim";"76"
"Zona";"COVA FEIJOAL";"";"";"Mosteiros";"";"Sim";"29"
"Zona";"CUTELO ALTO";"";"";"Mosteiros";"";"Sim";"71"
"Zona";"FAJANZINHA";"";"";"Mosteiros";"";"Sim";"41"
"Zona";"FEIJOAL";"";"";"Mosteiros";"";"Sim";"56"
"Zona";"MOSTEIROS TRAS";"";"";"Mosteiros";"";"Sim";"297"
"Zona";"MURRO";"";"";"Mosteiros";"";"Sim";"47"
"Zona";"PAI ANTONIO";"";"";"Mosteiros";"";"Sim";"114"
"Zona";"QUEIMADA GUINCHO";"";"";"Mosteiros";"";"Sim";"164"
"Zona";"QUEIMADA TRAS";"";"";"Mosteiros";"";"Sim";"180"
"Zona";"RELVA";"";"";"Mosteiros";"";"Sim";"318"
"Zona";"RIBEIRA ILHEU";"";"";"Mosteiros";"";"Sim";"166"
"Zona";"ROCHA FORA";"";"";"Mosteiros";"";"Sim";"47"
"Zona";"SUMBANGO";"";"";"Mosteiros";"";"Sim";"22"
"Zona";"VILA DOS MOSTEIROS";"";"";"Mosteiros";"";"Sim";"69"
"Zona";"Delfzijl";"";"";"NETHERLANDS";"";"Sim";""
"Zona";"Roterdam";"";"";"NETHERLANDS";"";"Sim";""
"Zona";"Roterdão";"";"";"NETHERLANDS";"";"Sim";""
"Zona";"Zaandam(Noor-Holand)";"";"";"NETHERLANDS";"";"Sim";""
"Zona";"Chã de João Vaz";"";"";"Paul";"";"Sim";"120"
"Zona";"Chã de Manuel dos Sa";"";"";"Paul";"";"Sim";"200"
"Zona";"Eito";"";"";"Paul";"";"Sim";"200"
"Zona";"Fajã de Janela";"";"";"Paul";"";"Sim";"70"
"Zona";"Figueiral";"";"";"Paul";"";"Sim";"215"
"Zona";"Passagem";"";"";"Paul";"";"Sim";"180"
"Zona";"Penedo de Janela";"";"";"Paul";"";"Sim";"100"
"Zona";"Pico da Cruz";"";"";"Paul";"";"Sim";"70"
"Zona";"Pontinha de Janela";"";"";"Paul";"";"Sim";"125"
"Zona";"Ribeira das Pombas";"";"";"Paul";"";"Sim";"95"
"Zona";"Ribeira de Janela";"";"";"Paul";"";"Sim";"123"
"Zona";"Rocha Grande";"";"";"Paul";"";"Sim";"155"
"Zona";"Santa Isabel";"";"";"Paul";"";"Sim";"25"
"Zona";"Vila das Pombas";"";"";"Paul";"";"Sim";"550"
"Zona";"ABUFADOR - SÃO JOÃO BAPTISTA";"";"";"Porto Novo";"";"Sim";"225"
"Zona";"ALDEIA DO NORTE - SANTO ANDRÉ";"";"";"Porto Novo";"";"Sim";"75"
"Zona";"ALTO MIRA 1º POVOADO - SANTO ANDRÉ";"";"";"Porto Novo";"";"Sim";"47"
"Zona";"ALTO MIRA 2º POVOADO - SANTO ANDRÉ";"";"";"Porto Novo";"";"Sim";"150"
"Zona";"ALTO MIRA 3º POVOADO - SANTO ANDRÉ";"";"";"Porto Novo";"";"Sim";"70"
"Zona";"ALTO SÃO TOMÉ - SÃO JOÃO BAPTISTA";"";"";"Porto Novo";"";"Sim";"550"
"Zona";"ARMAZÉM - SÃO JOÃO BAPTISTA";"";"";"Porto Novo";"";"Sim";"275"
"Zona";"BAIRRO - SÃO JOÃO BAPTISTA";"";"";"Porto Novo";"";"Sim";"375"
"Zona";"BERLIM - SÃO JOÃO BAPTISTA";"";"";"Porto Novo";"";"Sim";"900"
"Zona";"CASA DE MEIO - SÃO JOÃO BAPTISTA";"";"";"Porto Novo";"";"Sim";"62"
"Zona";"CHÃ BRANQUINHO - SANTO ANDRÉ";"";"";"Porto Novo";"";"Sim";"35"
"Zona";"CHÃ DE FEIJOAL - SANTO ANDRÉ";"";"";"Porto Novo";"";"Sim";"85"
"Zona";"CHÃ DE MORTE - SÃO JOÃO BAPTISTA";"";"";"Porto Novo";"";"Sim";"225"
"Zona";"CHÃ DE NORTE - SANTO ANDRÉ";"";"";"Porto Novo";"";"Sim";"61"
"Zona";"CÍRIO - SÃO JOÃO BAPTISTA";"";"";"Porto Novo";"";"Sim";"255"
"Zona";"JORGE LUÍS - SANTO ANDRÉ";"";"";"Porto Novo";"";"Sim";"88"
"Zona";"LAGOA DE PLANALTO LESTE - SÃO JOÃO BAPTISTA";"";"";"Porto Novo";"";"Sim";"120"
"Zona";"LAGOA DE Rª DAS PATAS - SÃO JOÃO BAPTISTA";"";"";"Porto Novo";"";"Sim";"225"
"Zona";"LAJEDOS";"";"";"Porto Novo";"";"Sim";"160"
"Zona";"LOMBO FIGUEIRAS - SÃO JOÃO BAPTISTA";"";"";"Porto Novo";"";"Sim";"145"
"Zona";"MANUEL LOPES - SÃO JOÃO BAPTISTA";"";"";"Porto Novo";"";"Sim";"8"
"Zona";"MARTIENE - SANTO ANDRÉ";"";"";"Porto Novo";"";"Sim";"114"
"Zona";"MONTE TRIGO - SANTO ANDRÉ";"";"";"Porto Novo";"";"Sim";"113"
"Zona";"PASCOAL ALVES - SANTO ANDRÉ";"";"";"Porto Novo";"";"Sim";"9"
"Zona";"PONTE SUL - SÃO JOÃO BAPTISTA";"";"";"Porto Novo";"";"Sim";"60"
"Zona";"RIBEIRA DA CRUZ - SANTO ANDRÉ";"";"";"Porto Novo";"";"Sim";"145"
"Zona";"RIBEIRA DE CORUGINHA - SÃO JOÃO BAPTISTA";"";"";"Porto Novo";"";"Sim";"500"
"Zona";"RIBEIRA DOS BODES - SÃO JOÃO BAPTISTA";"";"";"Porto Novo";"";"Sim";"120"
"Zona";"RIBEIRA FRIA - SÃO JOÃO BAPTISTA";"";"";"Porto Novo";"";"Sim";"55"
"Zona";"SUL";"";"";"Porto Novo";"";"Sim";"10"
"Zona";"TARRAFAL / COVÃO - SÃO JOÃO BAPTISTA";"";"";"Porto Novo";"";"Sim";"10"
"Zona";"TARRAFAL / PRAIA -SÃO JOÃO BAPTISTA";"";"";"Porto Novo";"";"Sim";"225"
"Zona";"ACHADA EUGENIO LIMA";"AL";"";"Praia";"";"Sim";"1308"
"Zona";"ACHADA GRANDE FRENTE";"AZ";"";"Praia";"";"Sim";"1027"
"Zona";"ACHADA GRANDE TRAS";"B";"";"Praia";"";"Sim";"676"
"Zona";"ACHADA LIMPO";"BR";"";"Praia";"";"Sim";"138"
"Zona";"ACHADA MATO";"BA";"";"Praia";"";"Sim";"367"
"Zona";"ACHADA SANTO ANTONIO (BRASIL)";"A";"";"Praia";"";"Sim";"754"
"Zona";"ACHADA SANTO ANTONIO (DI NÔS)";"AC";"";"Praia";"";"Sim";"398"
"Zona";"ACHADA SANTO ANTONIO (ESCOLA GRANDE)";"AA";"";"Praia";"";"Sim";"1583"
"Zona";"ACHADA SANTO ANTONIO (MEIO DE ACHADA)";"AB";"";"Praia";"";"Sim";"515"
"Zona";"ACHADA SÃO FILIPE";"BD";"";"Praia";"";"Sim";"1119"
"Zona";"ACHADA SÃO FILIPE - MONTEAGARRA";"BE";"";"Praia";"";"Sim";"180"
"Zona";"ACHADINHA BAIXO";"AJ";"";"Praia";"";"Sim";"589"
"Zona";"ACHADINHA CIMA";"AK";"";"Praia";"";"Sim";"1073"
"Zona";"ACHADINHA PIRES";"BK";"";"Praia";"";"Sim";"222"
"Zona";"ALTO DA GLÓRIA";"BO";"";"Praia";"";"Sim";"172"
"Zona";"ALTO SAFENDE";"BP";"";"Praia";"";"Sim";"100"
"Zona";"BAIRRO CRAVEIRO LOPES";"AI";"";"Praia";"";"Sim";"566"
"Zona";"BELA VISTA";"AF";"";"Praia";"";"Sim";"574"
"Zona";"CAIADA / ISABEL LOPES";"BJ";"";"Praia";"";"Sim";"55"
"Zona";"CALABACEIRA";"AN";"";"Praia";"";"Sim";"1004"
"Zona";"CASTELÃO";"AV";"";"Praia";"";"Sim";"566"
"Zona";"COQUEIRO";"BN";"";"Praia";"";"Sim";"102"
"Zona";"FAZENDA";"AW";"";"Praia";"";"Sim";"537"
"Zona";"LEM CACHORRO";"AS";"";"Praia";"";"Sim";"283"
"Zona";"LEM FERREIRA";"AY";"";"Praia";"";"Sim";"295"
"Zona";"MATÃO";"BL";"";"Praia";"";"Sim";"77"
"Zona";"MONTE VERMELHO";"AG";"";"Praia";"";"Sim";"199"
"Zona";"PAIOL";"AU";"";"Praia";"";"Sim";"492"
"Zona";"PALHA SÉ";"BS";"";"Praia";"";"Sim";"66"
"Zona";"PALMAREJO GRANDE";"BH";"";"Praia";"";"Sim";"229"
"Zona";"PALMAREJO NOVO";"BI";"";"Praia";"";"Sim";"2332"
"Zona";"PENSAMENTO";"AM";"";"Praia";"";"Sim";"616"
"Zona";"PLATEAU";"AX";"";"Praia";"";"Sim";"375"
"Zona";"PONTA D` AGUA";"AR";"";"Praia";"";"Sim";"1542"
"Zona";"PRAINHA";"BF";"";"Praia";"";"Sim";"81"
"Zona";"SAFENDE";"AO";"";"Praia";"";"Sim";"1026"
"Zona";"SÃO FRANCISCO";"BC";"";"Praia";"";"Sim";"238"
"Zona";"SÃO MARTINHO PEQUENO";"BG";"";"Praia";"";"Sim";"280"
"Zona";"SÃO PAULO";"BQ";"";"Praia";"";"Sim";"70"
"Zona";"SÃO PEDRO";"AP";"";"Praia";"";"Sim";"559"
"Zona";"SÃO TOME/PORTETE";"BB";"";"Praia";"";"Sim";"70"
"Zona";"TERRA BRANCA";"AE";"";"Praia";"";"Sim";"807"
"Zona";"TIRA CHAPÉU";"AD";"";"Praia";"";"Sim";"910"
"Zona";"TRINDADE";"BM";"";"Praia";"";"Sim";"86"
"Zona";"VARZEA";"AH";"";"Praia";"";"Sim";"814"
"Zona";"VILA ESPERANÇA";"BT";"";"Praia";"";"Sim";"35"
"Zona";"VILA NOVA";"AQ";"";"Praia";"";"Sim";"1009"
"Zona";"Londres";"";"";"Reino Unido";"";"Sim";""
"Zona";"AGUA DAS PATAS";"Q2";"";"Ribeira Brava";"";"Sim";"27"
"Zona";"BELEM/FIGUEIRA COCHE";"T";"";"Ribeira Brava";"";"Sim";"27"
"Zona";"CACHAÇO";"H";"";"Ribeira Brava";"";"Sim";"69"
"Zona";"CALEJAO";"R";"";"Ribeira Brava";"";"Sim";"56"
"Zona";"CAMPINHO";"Q";"";"Ribeira Brava";"";"Sim";"70"
"Zona";"CARRIÇAL";"X";"";"Ribeira Brava";"";"Sim";"30"
"Zona";"CARVOEIROS/BOQUEIRAO";"M";"";"Ribeira Brava";"";"Sim";"33"
"Zona";"CHÂZINHA/LOMBONA";"O1";"";"Ribeira Brava";"";"Sim";"210"
"Zona";"COVOADA";"K";"";"Ribeira Brava";"";"Sim";"20"
"Zona";"ESTANCIA BRAS";"L";"";"Ribeira Brava";"";"Sim";"93"
"Zona";"FAJA DE BAIXO";"J1";"";"Ribeira Brava";"";"Sim";"217"
"Zona";"JUNCALINHO";"V";"";"Ribeira Brava";"";"Sim";"149"
"Zona";"LOMPELADO DE BAIXO";"I1";"";"Ribeira Brava";"";"Sim";"20"
"Zona";"LOMPELADO/CANTO FAJA";"I";"";"Ribeira Brava";"";"Sim";"119"
"Zona";"MEIO DE VILA";"O2";"";"Ribeira Brava";"";"Sim";"157"
"Zona";"MOFINA/POMBAS";"Q1";"";"Ribeira Brava";"";"Sim";"23"
"Zona";"MORRO";"O4";"";"Ribeira Brava";"";"Sim";"34"
"Zona";"MORRO BRAS";"U";"";"Ribeira Brava";"";"Sim";"57"
"Zona";"PREGUIÇA";"S";"";"Ribeira Brava";"";"Sim";"149"
"Zona";"QUEIMADAS";"N";"";"Ribeira Brava";"";"Sim";"86"
"Zona";"SAO JOAO/MARICA";"O3";"";"Ribeira Brava";"";"Sim";"101"
"Zona";"TALHO";"P";"";"Ribeira Brava";"";"Sim";"81"
"Zona";"AGUADA";"";"";"Ribeira Grande";"";"Sim";"45"
"Zona";"BOCA DE AMBAS RIBEIRAS";"";"";"Ribeira Grande";"";"Sim";"58"
"Zona";"BOCA DE CORUJA";"";"";"Ribeira Grande";"";"Sim";"110"
"Zona";"BOCA DE JOÃO AFONSO";"";"";"Ribeira Grande";"";"Sim";"39"
"Zona";"CAIBROS";"";"";"Ribeira Grande";"";"Sim";"80"
"Zona";"CHÃ DAS FURNAS";"";"";"Ribeira Grande";"";"Sim";"37"
"Zona";"CHÃ DE IGREJA";"";"";"Ribeira Grande";"";"Sim";"141"
"Zona";"CHÃ DE MARGARIDINHA";"";"";"Ribeira Grande";"";"Sim";"32"
"Zona";"CHÃ DE PEDRAS";"";"";"Ribeira Grande";"";"Sim";"116"
"Zona";"CHÃZINHA";"";"";"Ribeira Grande";"";"Sim";"77"
"Zona";"COCULI";"";"";"Ribeira Grande";"";"Sim";"153"
"Zona";"CORDA";"";"";"Ribeira Grande";"";"Sim";"185"
"Zona";"CRUZINHA";"";"";"Ribeira Grande";"";"Sim";"102"
"Zona";"FAJÃ DOMINGAS BENTA";"";"";"Ribeira Grande";"";"Sim";"33"
"Zona";"FAJÃ DOS CUMES";"";"";"Ribeira Grande";"";"Sim";"36"
"Zona";"FIGUEIRAL";"";"";"Ribeira Grande";"";"Sim";"128"
"Zona";"FIGUEIRAS";"";"";"Ribeira Grande";"";"Sim";"112"
"Zona";"FONTAINHAS";"";"";"Ribeira Grande";"";"Sim";"20"
"Zona";"FORMIGUINHAS";"";"";"Ribeira Grande";"";"Sim";"21"
"Zona";"GONÇALINHO";"";"";"Ribeira Grande";"";"Sim";"115"
"Zona";"LAGOA";"";"";"Ribeira Grande";"";"Sim";"121"
"Zona";"LOMBO BRANCO";"";"";"Ribeira Grande";"";"Sim";"157"
"Zona";"LOMBO DE BEATRIZ";"";"";"Ribeira Grande";"";"Sim";"82"
"Zona";"LOMBO DE SANTA";"";"";"Ribeira Grande";"";"Sim";"47"
"Zona";"LOMBO PELADO";"";"";"Ribeira Grande";"";"Sim";"204"
"Zona";"LUGAR DE GUENE";"";"";"Ribeira Grande";"";"Sim";"208"
"Zona";"MARRADOR";"";"";"Ribeira Grande";"";"Sim";"43"
"Zona";"MONTE JOANA";"";"";"Ribeira Grande";"";"Sim";"85"
"Zona";"PIA DE CIMA";"";"";"Ribeira Grande";"";"Sim";"40"
"Zona";"PINHÃO";"";"";"Ribeira Grande";"";"Sim";"230"
"Zona";"PONTA DO SOL";"";"";"Ribeira Grande";"";"Sim";"480"
"Zona";"RIBEIRA ALTA";"";"";"Ribeira Grande";"";"Sim";"24"
"Zona";"RIBEIRÃO";"";"";"Ribeira Grande";"";"Sim";"124"
"Zona";"SINAGOGA";"";"";"Ribeira Grande";"";"Sim";"140"
"Zona";"TANQUE";"";"";"Ribeira Grande";"";"Sim";"241"
"Zona";"TARRAFAL";"";"";"Ribeira Grande";"";"Sim";"455"
"Zona";"VILA DA RIBEIRA GRANDE";"";"";"Ribeira Grande";"";"Sim";"505"
"Zona";"Belém";"";"";"Ribeira Grande de Santiago";"";"Sim";"109"
"Zona";"Bota Ramo";"";"";"Ribeira Grande de Santiago";"";"Sim";"79"
"Zona";"Calabaceira";"";"";"Ribeira Grande de Santiago";"";"Sim";"129"
"Zona";"Cidade velha";"";"";"Ribeira Grande de Santiago";"";"Sim";"311"
"Zona";"João Varela";"";"";"Ribeira Grande de Santiago";"";"Sim";"141"
"Zona";"Mosquito de Horta";"";"";"Ribeira Grande de Santiago";"";"Sim";"15"
"Zona";"Pico Leão";"";"";"Ribeira Grande de Santiago";"";"Sim";"146"
"Zona";"Porto Mosquito";"";"";"Ribeira Grande de Santiago";"";"Sim";"230"
"Zona";"SAO JOAO BAPTISTA 2";"";"";"Ribeira Grande de Santiago";"";"Sim";"144"
"Zona";"Salineiro";"";"";"Ribeira Grande de Santiago";"";"Sim";"250"
"Zona";"Santana";"";"";"Ribeira Grande de Santiago";"";"Sim";"235"
"Zona";"São João Baptista";"";"";"Ribeira Grande de Santiago";"";"Sim";"125"
"Zona";"São Martinho Grande";"";"";"Ribeira Grande de Santiago";"";"Sim";"276"
"Zona";"Tronco";"";"";"Ribeira Grande de Santiago";"";"Sim";"45"
"Zona";"Basileia";"";"";"SUÍÇA";"";"Sim";""
"Zona";"Genebra";"";"";"SUÍÇA";"";"Sim";""
"Zona";"Martigny";"";"";"SUÍÇA";"";"Sim";""
"Zona";"Payerne";"";"";"SUÍÇA";"";"Sim";""
"Zona";"Renens";"";"";"SUÍÇA";"";"Sim";""
"Zona";"Bairro Novo";"";"";"Sal";"";"Sim";"1260"
"Zona";"Chã de Matias";"";"";"Sal";"";"Sim";"1730"
"Zona";"Hortelã";"";"";"Sal";"";"Sim";"1170"
"Zona";"PRIGUIÇA";"";"";"Sal";"";"Sim";"770"
"Zona";"Palmeira";"";"";"Sal";"";"Sim";"680"
"Zona";"Pedra de Lume";"";"";"Sal";"";"Sim";"104"
"Zona";"RIBEIRA FUNDA";"";"";"Sal";"";"Sim";"600"
"Zona";"Santa Maria";"";"";"Sal";"";"Sim";"1350"
"Zona";"Achada Galego";"";"";"Santa Catarina";"";"Sim";"248"
"Zona";"Achada Gomes";"";"";"Santa Catarina";"";"Sim";"174"
"Zona";"Achada Grande";"";"";"Santa Catarina";"";"Sim";"19"
"Zona";"Achada Leite";"";"";"Santa Catarina";"";"Sim";"27"
"Zona";"Achada Lém";"";"";"Santa Catarina";"";"Sim";"571"
"Zona";"Achada Ponta /Chã Grande";"";"";"Santa Catarina";"";"Sim";"63"
"Zona";"Achada Tossa";"";"";"Santa Catarina";"";"Sim";"196"
"Zona";"Assomada";"";"";"Santa Catarina";"";"Sim";"1416"
"Zona";"Banana Semedo Cova Furtado";"";"";"Santa Catarina";"";"Sim";"94"
"Zona";"Boentrada";"";"";"Santa Catarina";"";"Sim";"282"
"Zona";"Boentradinha";"";"";"Santa Catarina";"";"Sim";"131"
"Zona";"Cabeça Carreira/Fonteana";"";"";"Santa Catarina";"";"Sim";"205"
"Zona";"Carreira dos Engenhos";"";"";"Santa Catarina";"";"Sim";"136"
"Zona";"Charco";"";"";"Santa Catarina";"";"Sim";"35"
"Zona";"Chã de lagoa";"";"";"Santa Catarina";"";"Sim";"146"
"Zona";"Chão de Tanque";"";"";"Santa Catarina";"";"Sim";"65"
"Zona";"Chão monte/Aguas Podre";"";"";"Santa Catarina";"";"Sim";"68"
"Zona";"Cruz Grande";"";"";"Santa Catarina";"";"Sim";"200"
"Zona";"Entre picos de Reda";"";"";"Santa Catarina";"";"Sim";"32"
"Zona";"Figueira Das Naus";"";"";"Santa Catarina";"";"Sim";"146"
"Zona";"Fonti Lima";"";"";"Santa Catarina";"";"Sim";"201"
"Zona";"Fundura";"";"";"Santa Catarina";"";"Sim";"162"
"Zona";"Furna";"";"";"Santa Catarina";"";"Sim";"130"
"Zona";"Gil Bispo";"";"";"Santa Catarina";"";"Sim";"361"
"Zona";"Japluma/Arribada";"";"";"Santa Catarina";"";"Sim";"86"
"Zona";"João Bernardo";"";"";"Santa Catarina";"";"Sim";"50"
"Zona";"João Dias";"";"";"Santa Catarina";"";"Sim";"101"
"Zona";"Junco";"";"";"Santa Catarina";"";"Sim";"127"
"Zona";"Librão dos Engenhos";"";"";"Santa Catarina";"";"Sim";"71"
"Zona";"Mancholy";"";"";"Santa Catarina";"";"Sim";"235"
"Zona";"Marmulano Cuba";"";"";"Santa Catarina";"";"Sim";"17"
"Zona";"Mato Baixo";"";"";"Santa Catarina";"";"Sim";"89"
"Zona";"Mato Sanches";"";"";"Santa Catarina";"";"Sim";"50"
"Zona";"Mato gegé";"";"";"Santa Catarina";"";"Sim";"107"
"Zona";"Nhagar";"";"";"Santa Catarina";"";"Sim";"504"
"Zona";"Palha Carga";"";"";"Santa Catarina";"";"Sim";"147"
"Zona";"Pau Verde";"";"";"Santa Catarina";"";"Sim";"140"
"Zona";"Pedra Barro";"";"";"Santa Catarina";"";"Sim";"149"
"Zona";"Pingo Chuva";"";"";"Santa Catarina";"";"Sim";"123"
"Zona";"Pinha dos Engenhos";"";"";"Santa Catarina";"";"Sim";"127"
"Zona";"Ribeira Acima";"";"";"Santa Catarina";"";"Sim";"31"
"Zona";"Ribeira da Barca";"";"";"Santa Catarina";"";"Sim";"492"
"Zona";"Ribeirão Manuel";"";"";"Santa Catarina";"";"Sim";"73"
"Zona";"Ribeirão isabel";"";"";"Santa Catarina";"";"Sim";"177"
"Zona";"Rincão";"";"";"Santa Catarina";"";"Sim";"310"
"Zona";"Saltos Cima";"";"";"Santa Catarina";"";"Sim";"160"
"Zona";"Sedguma";"";"";"Santa Catarina";"";"Sim";"51"
"Zona";"Serra Malagueta";"";"";"Santa Catarina";"";"Sim";"75"
"Zona";"Telhal";"";"";"Santa Catarina";"";"Sim";"87"
"Zona";"Tomba Touro";"";"";"Santa Catarina";"";"Sim";"79"
"Zona";"ACHADA FURNA";"";"";"Santa Catarina do Fogo";"";"Sim";"155"
"Zona";"CABEÇA FUNDÃO";"";"";"Santa Catarina do Fogo";"";"Sim";"42"
"Zona";"CHÃ DAS CALDEIRAS";"";"";"Santa Catarina do Fogo";"";"Sim";"106"
"Zona";"COVA FIGUEIRA";"";"";"Santa Catarina do Fogo";"";"Sim";"345"
"Zona";"ESTANCIA ROQUE";"";"";"Santa Catarina do Fogo";"";"Sim";"108"
"Zona";"FIGUEIRA PAVÃO";"";"";"Santa Catarina do Fogo";"";"Sim";"47"
"Zona";"FONTE ALEIXO/ ACHADA POIO";"";"";"Santa Catarina do Fogo";"";"Sim";"200"
"Zona";"MARIA DA CRUZ / DOMINGOS LOBOS";"";"";"Santa Catarina do Fogo";"";"Sim";"102"
"Zona";"MONTE VERMELHO";"";"";"Santa Catarina do Fogo";"";"Sim";"104"
"Zona";"MÃE JOANA/ BALUARTE";"";"";"Santa Catarina do Fogo";"";"Sim";"67"
"Zona";"ROÇADAS";"";"";"Santa Catarina do Fogo";"";"Sim";"117"
"Zona";"TINTEIRA/ COVA MATINHO";"";"";"Santa Catarina do Fogo";"";"Sim";"84"
"Zona";"ACHADA FÁTIMA";"";"";"Santa Cruz";"";"Sim";"988"
"Zona";"Achada Bel Bel";"";"";"Santa Cruz";"";"Sim";"125"
"Zona";"Achada Fazenda";"";"";"Santa Cruz";"";"Sim";"535"
"Zona";"Achada Laje";"";"";"Santa Cruz";"";"Sim";"108"
"Zona";"Achada Ponta";"";"";"Santa Cruz";"";"Sim";"80"
"Zona";"Achada igreja";"";"";"Santa Cruz";"";"Sim";"63"
"Zona";"Bairo Cruzeiro";"";"";"Santa Cruz";"";"Sim";"75"
"Zona";"Boa Ventura";"";"";"Santa Cruz";"";"Sim";"53"
"Zona";"Boca Larga Abaixo";"";"";"Santa Cruz";"";"Sim";"28"
"Zona";"Cancelo";"";"";"Santa Cruz";"";"Sim";"345"
"Zona";"Chã da Silva";"";"";"Santa Cruz";"";"Sim";"344"
"Zona";"Complexo Casa para Todos";"";"";"Santa Cruz";"";"Sim";"18"
"Zona";"Librão";"";"";"Santa Cruz";"";"Sim";"45"
"Zona";"Matinho";"";"";"Santa Cruz";"";"Sim";"123"
"Zona";"Monte Negro";"";"";"Santa Cruz";"";"Sim";"79"
"Zona";"Ponta Achada";"";"";"Santa Cruz";"";"Sim";"131"
"Zona";"Porto Abaixo";"";"";"Santa Cruz";"";"Sim";"521"
"Zona";"Porto Acima";"";"";"Santa Cruz";"";"Sim";"175"
"Zona";"Porto Madeira";"";"";"Santa Cruz";"";"Sim";"28"
"Zona";"Rebelo";"";"";"Santa Cruz";"";"Sim";"35"
"Zona";"Renque Purga";"";"";"Santa Cruz";"";"Sim";"116"
"Zona";"Ribeira Seca";"";"";"Santa Cruz";"";"Sim";"125"
"Zona";"Ribeirão Almaço";"";"";"Santa Cruz";"";"Sim";"39"
"Zona";"Ribeirão Boi";"";"";"Santa Cruz";"";"Sim";"71"
"Zona";"Rocha Lama";"";"";"Santa Cruz";"";"Sim";"69"
"Zona";"Salina";"";"";"Santa Cruz";"";"Sim";"464"
"Zona";"Saltos Abaixo";"";"";"Santa Cruz";"";"Sim";"28"
"Zona";"Santa Cruz";"";"";"Santa Cruz";"";"Sim";"455"
"Zona";"Serelho";"";"";"Santa Cruz";"";"Sim";"59"
"Zona";"São Cristovão";"";"";"Santa Cruz";"";"Sim";"50"
"Zona";"Embaixada";"";"";"Senegal";"";"Sim";""
"Zona";"Grand Dakar";"";"";"Senegal";"";"Sim";""
"Zona";"Plateau";"";"";"Senegal";"";"Sim";""
"Zona";"Thiés";"";"";"Senegal";"";"Sim";""
"Zona";"ACHADA COSTA";"";"";"SÃO LOURENÇO DOS ÓRGÃOS";"";"Sim";"62"
"Zona";"BOCA LARGA";"";"";"SÃO LOURENÇO DOS ÓRGÃOS";"";"Sim";"61"
"Zona";"COVADA";"";"";"SÃO LOURENÇO DOS ÓRGÃOS";"";"Sim";"99"
"Zona";"FUNCO MARQUES/FUNCO BANDEIRA";"";"";"SÃO LOURENÇO DOS ÓRGÃOS";"";"Sim";"97"
"Zona";"FUNDURA";"";"";"SÃO LOURENÇO DOS ÓRGÃOS";"";"Sim";"73"
"Zona";"JOÃO GOTO";"";"";"SÃO LOURENÇO DOS ÓRGÃOS";"";"Sim";"51"
"Zona";"JOÃO TEVES";"";"";"SÃO LOURENÇO DOS ÓRGÃOS";"";"Sim";"228"
"Zona";"LAJE";"";"";"SÃO LOURENÇO DOS ÓRGÃOS";"";"Sim";"118"
"Zona";"LEVADA";"";"";"SÃO LOURENÇO DOS ÓRGÃOS";"";"Sim";"105"
"Zona";"LONGUEIRA";"";"";"SÃO LOURENÇO DOS ÓRGÃOS";"";"Sim";"50"
"Zona";"MATO RAIA/LAJEDO/CARREIRA";"";"";"SÃO LOURENÇO DOS ÓRGÃOS";"";"Sim";"123"
"Zona";"MERCADO";"";"";"SÃO LOURENÇO DOS ÓRGÃOS";"";"Sim";"161"
"Zona";"MONTAINHA";"";"";"SÃO LOURENÇO DOS ÓRGÃOS";"";"Sim";"98"
"Zona";"MONTANHA BAIXO";"";"";"SÃO LOURENÇO DOS ÓRGÃOS";"";"Sim";"114"
"Zona";"ORGÃOS PEQUENO 1";"";"";"SÃO LOURENÇO DOS ÓRGÃOS";"";"Sim";"99"
"Zona";"ORGÃOS PEQUENO 2";"";"";"SÃO LOURENÇO DOS ÓRGÃOS";"";"Sim";"183"
"Zona";"PICO ANTONIA 1";"";"";"SÃO LOURENÇO DOS ÓRGÃOS";"";"Sim";"110"
"Zona";"PICO ANTÓNIA 2";"";"";"SÃO LOURENÇO DOS ÓRGÃOS";"";"Sim";"51"
"Zona";"RIBEIRÃO GALINHA";"";"";"SÃO LOURENÇO DOS ÓRGÃOS";"";"Sim";"197"
"Zona";"SÃO JORGE";"";"";"SÃO LOURENÇO DOS ÓRGÃOS";"";"Sim";"96"
"Zona";"Aeroporto Príncipe";"";"";"SÃO TOMÉ E PRÍNCIPE";"";"Sim";""
"Zona";"Aeroporto de São Tomé";"";"";"SÃO TOMÉ E PRÍNCIPE";"";"Sim";""
"Zona";"Agostinho Neto";"";"";"SÃO TOMÉ E PRÍNCIPE";"";"Sim";""
"Zona";"Anselmo Andrade";"";"";"SÃO TOMÉ E PRÍNCIPE";"";"Sim";""
"Zona";"Bela Vista";"";"";"SÃO TOMÉ E PRÍNCIPE";"";"Sim";""
"Zona";"Boa Entrada";"";"";"SÃO TOMÉ E PRÍNCIPE";"";"Sim";""
"Zona";"Caldeiras";"";"";"SÃO TOMÉ E PRÍNCIPE";"";"Sim";""
"Zona";"Diogo Vaz";"";"";"SÃO TOMÉ E PRÍNCIPE";"";"Sim";""
"Zona";"Fernão Dias";"";"";"SÃO TOMÉ E PRÍNCIPE";"";"Sim";""
"Zona";"Generosa";"";"";"SÃO TOMÉ E PRÍNCIPE";"";"Sim";""
"Zona";"Ké Morabeza";"";"";"SÃO TOMÉ E PRÍNCIPE";"";"Sim";""
"Zona";"Milagrosa";"";"";"SÃO TOMÉ E PRÍNCIPE";"";"Sim";""
"Zona";"Monte Café";"";"";"SÃO TOMÉ E PRÍNCIPE";"";"Sim";""
"Zona";"Neves";"";"";"SÃO TOMÉ E PRÍNCIPE";"";"Sim";""
"Zona";"Nova Estrela";"";"";"SÃO TOMÉ E PRÍNCIPE";"";"Sim";""
"Zona";"Picão";"";"";"SÃO TOMÉ E PRÍNCIPE";"";"Sim";""
"Zona";"Ponta Figo";"";"";"SÃO TOMÉ E PRÍNCIPE";"";"Sim";""
"Zona";"Praia das Conchas";"";"";"SÃO TOMÉ E PRÍNCIPE";"";"Sim";""
"Zona";"Água Izé";"";"";"SÃO TOMÉ E PRÍNCIPE";"";"Sim";""
"Zona";"Achada Baleia";"";"";"São Domingos";"";"Sim";"108"
"Zona";"Achada Mitra";"";"";"São Domingos";"";"Sim";"30"
"Zona";"Baia";"";"";"São Domingos";"";"Sim";"79"
"Zona";"Banana/Mendes Faleiro Rendeiro";"";"";"São Domingos";"";"Sim";"116"
"Zona";"Boa Vista";"";"";"São Domingos";"";"Sim";"212"
"Zona";"Cabral";"";"";"São Domingos";"";"Sim";"25"
"Zona";"Caiada";"";"";"São Domingos";"";"Sim";"146"
"Zona";"Cambudjani";"";"";"São Domingos";"";"Sim";"18"
"Zona";"Cancelo";"";"";"São Domingos";"";"Sim";"71"
"Zona";"Castelo Grande";"";"";"São Domingos";"";"Sim";"30"
"Zona";"Chaminé";"";"";"São Domingos";"";"Sim";"33"
"Zona";"Chão de Coqueiro";"";"";"São Domingos";"";"Sim";"58"
"Zona";"Covão Lourenço";"";"";"São Domingos";"";"Sim";"102"
"Zona";"Dacabalaio";"";"";"São Domingos";"";"Sim";"9"
"Zona";"Dobe/Tinca";"";"";"São Domingos";"";"Sim";"40"
"Zona";"Fontes Almeida";"";"";"São Domingos";"";"Sim";"125"
"Zona";"Gudim";"";"";"São Domingos";"";"Sim";"88"
"Zona";"João Garido";"";"";"São Domingos";"";"Sim";"174"
"Zona";"Lagoa";"";"";"São Domingos";"";"Sim";"115"
"Zona";"Loura";"";"";"São Domingos";"";"Sim";"105"
"Zona";"Mato Afonço";"";"";"São Domingos";"";"Sim";"74"
"Zona";"Milho Branco";"";"";"São Domingos";"";"Sim";"188"
"Zona";"Moia Moia";"";"";"São Domingos";"";"Sim";"38"
"Zona";"Monte Leão";"";"";"São Domingos";"";"Sim";"32"
"Zona";"Neta Gomes";"";"";"São Domingos";"";"Sim";"104"
"Zona";"Nora";"";"";"São Domingos";"";"Sim";"128"
"Zona";"Pinha";"";"";"São Domingos";"";"Sim";"29"
"Zona";"Po de Saco";"";"";"São Domingos";"";"Sim";"78"
"Zona";"Portal";"";"";"São Domingos";"";"Sim";"178"
"Zona";"Praia Baixo";"";"";"São Domingos";"";"Sim";"272"
"Zona";"Praia Formosa";"";"";"São Domingos";"";"Sim";"175"
"Zona";"Ribeirão Chiqueiro";"";"";"São Domingos";"";"Sim";"202"
"Zona";"Ribeirão de Cal";"";"";"São Domingos";"";"Sim";"46"
"Zona";"Rui Vaz";"";"";"São Domingos";"";"Sim";"210"
"Zona";"Tenda";"";"";"São Domingos";"";"Sim";"77"
"Zona";"Vale da Custa";"";"";"São Domingos";"";"Sim";"52"
"Zona";"Varzea da Igreja";"";"";"São Domingos";"";"Sim";"125"
"Zona";"Veneza";"";"";"São Domingos";"";"Sim";"52"
"Zona";"Água de Gato";"";"";"São Domingos";"";"Sim";"245"
"Zona";"ACHADA MENTIROSA";"";"";"São Filipe";"";"Sim";"55"
"Zona";"AS-HORTAS";"";"";"São Filipe";"";"Sim";"41"
"Zona";"BILA BAIXO/BILA RIBA";"";"";"São Filipe";"";"Sim";"123"
"Zona";"CABEÇA DO MONTE";"";"";"São Filipe";"";"Sim";"32"
"Zona";"CAMPANAS BAIXO";"";"";"São Filipe";"";"Sim";"88"
"Zona";"CAMPANAS CIMA";"";"";"São Filipe";"";"Sim";"36"
"Zona";"CHA DE MONTE";"";"";"São Filipe";"";"Sim";"32"
"Zona";"CISTERNO";"";"";"São Filipe";"";"Sim";"47"
"Zona";"COBOM";"";"";"São Filipe";"";"Sim";"196"
"Zona";"CONGRESSO";"";"";"São Filipe";"";"Sim";"359"
"Zona";"CURRAL GRANDE";"";"";"São Filipe";"";"Sim";"54"
"Zona";"CURRAL OCHO";"";"";"São Filipe";"";"Sim";"48"
"Zona";"CUTELO/TONGON";"";"";"São Filipe";"";"Sim";"64"
"Zona";"FONTE ALEIXO";"";"";"São Filipe";"";"Sim";"257"
"Zona";"FORNO/ALFARROBEIRA";"";"";"São Filipe";"";"Sim";"62"
"Zona";"GALINHEIRO";"";"";"São Filipe";"";"Sim";"127"
"Zona";"INHUCO";"";"";"São Filipe";"";"Sim";"58"
"Zona";"JARDIM/BATENTE";"";"";"São Filipe";"";"Sim";"45"
"Zona";"LACACÃ";"";"";"São Filipe";"";"Sim";"32"
"Zona";"LAGARIÇA";"";"";"São Filipe";"";"Sim";"35"
"Zona";"LEM DE BAIXO";"";"";"São Filipe";"";"Sim";"109"
"Zona";"LEM DE CIMA";"";"";"São Filipe";"";"Sim";"248"
"Zona";"LEM DE MEIO";"";"";"São Filipe";"";"Sim";"121"
"Zona";"LOMBA";"";"";"São Filipe";"";"Sim";"173"
"Zona";"LUZIA NUNES";"";"";"São Filipe";"";"Sim";"84"
"Zona";"MIGUEL GONÇALVES";"";"";"São Filipe";"";"Sim";"28"
"Zona";"MONTE GRANDE";"";"";"São Filipe";"";"Sim";"130"
"Zona";"MONTE LARGO";"";"";"São Filipe";"";"Sim";"67"
"Zona";"MONTE TABOR/ALVITO";"";"";"São Filipe";"";"Sim";"45"
"Zona";"PATIM";"";"";"São Filipe";"";"Sim";"119"
"Zona";"PE DE CAMPO";"";"";"São Filipe";"";"Sim";"109"
"Zona";"PE DE MONTE";"";"";"São Filipe";"";"Sim";"139"
"Zona";"PEDRO HOMEM";"";"";"São Filipe";"";"Sim";"36"
"Zona";"PONTA VERDE";"";"";"São Filipe";"";"Sim";"274"
"Zona";"RIBEIRA FILIPE";"";"";"São Filipe";"";"Sim";"112"
"Zona";"SALTO";"";"";"São Filipe";"";"Sim";"12"
"Zona";"SANTA FILOMENA";"";"";"São Filipe";"";"Sim";"294"
"Zona";"SAO DOMINGOS";"";"";"São Filipe";"";"Sim";"50"
"Zona";"SÃO JORGE";"";"";"São Filipe";"";"Sim";"100"
"Zona";"VELHO MANUEL";"";"";"São Filipe";"";"Sim";"212"
"Zona";"VICENTE DIAS";"";"";"São Filipe";"";"Sim";"68"
"Zona";"XAGUATE/JOAO PINTO";"";"";"São Filipe";"";"Sim";"77"
"Zona";"ACHADA BOLANHA";"";"";"São Miguel";"";"Sim";"201"
"Zona";"ACHADA ESPINHO BRANCO";"";"";"São Miguel";"";"Sim";"157"
"Zona";"ACHADA MONTE";"";"";"São Miguel";"";"Sim";"161"
"Zona";"AGUADINHA";"";"";"São Miguel";"";"Sim";"56"
"Zona";"CALHETA-ZONA 1";"";"";"São Miguel";"";"Sim";"463"
"Zona";"CALHETA-ZONA 2";"";"";"São Miguel";"";"Sim";"378"
"Zona";"CASA BRANCA";"";"";"São Miguel";"";"Sim";"39"
"Zona";"CHA DE HORTA-PRINCIPAL";"";"";"São Miguel";"";"Sim";"142"
"Zona";"CUTELO GOMES";"";"";"São Miguel";"";"Sim";"119"
"Zona";"ESPINHO BRANCO";"";"";"São Miguel";"";"Sim";"105"
"Zona";"GARÇOTE";"";"";"São Miguel";"";"Sim";"20"
"Zona";"GONGON";"";"";"São Miguel";"";"Sim";"19"
"Zona";"HORTELÃO";"";"";"São Miguel";"";"Sim";"47"
"Zona";"IGREJA";"";"";"São Miguel";"";"Sim";"90"
"Zona";"MACHADO";"";"";"São Miguel";"";"Sim";"35"
"Zona";"MATO CORREIA";"";"";"São Miguel";"";"Sim";"87"
"Zona";"MATO DENTRO";"";"";"São Miguel";"";"Sim";"74"
"Zona";"MONTE BODE";"";"";"São Miguel";"";"Sim";"50"
"Zona";"MONTE POUSADA";"";"";"São Miguel";"";"Sim";"66"
"Zona";"PALHA CARGA";"";"";"São Miguel";"";"Sim";"55"
"Zona";"PEDRA BARRO";"";"";"São Miguel";"";"Sim";"47"
"Zona";"PEDRA SERRADO";"";"";"São Miguel";"";"Sim";"91"
"Zona";"PILÃO CÃO";"";"";"São Miguel";"";"Sim";"263"
"Zona";"PONTA VERDE";"";"";"São Miguel";"";"Sim";"318"
"Zona";"RIBEIRETA";"";"";"São Miguel";"";"Sim";"82"
"Zona";"TAGARRA";"";"";"São Miguel";"";"Sim";"187"
"Zona";"VARANDA";"";"";"São Miguel";"";"Sim";"123"
"Zona";"VARIANTE";"";"";"São Miguel";"";"Sim";"28"
"Zona";"VENEZA";"";"";"São Miguel";"";"Sim";"387"
"Zona";"XAXA";"";"";"São Miguel";"";"Sim";"22"
"Zona";"ABOBOREIRO";"";"";"São Salvador do Mundo";"";"Sim";"117"
"Zona";"ACHADA IGREJA 1";"";"";"São Salvador do Mundo";"";"Sim";"138"
"Zona";"ACHADA IGREJA 2";"";"";"São Salvador do Mundo";"";"Sim";"162"
"Zona";"ACHADA LEITÃO 1";"";"";"São Salvador do Mundo";"";"Sim";"102"
"Zona";"Achada Leitão2";"";"";"São Salvador do Mundo";"";"Sim";"163"
"Zona";"BURBUR";"";"";"São Salvador do Mundo";"";"Sim";"52"
"Zona";"CHÃO RODRIGUES";"";"";"São Salvador do Mundo";"";"Sim";"56"
"Zona";"COVÃO GRANDE";"";"";"São Salvador do Mundo";"";"Sim";"126"
"Zona";"DEGREDO";"";"";"São Salvador do Mundo";"";"Sim";"22"
"Zona";"FAVETA";"";"";"São Salvador do Mundo";"";"Sim";"60"
"Zona";"ILHEU/BABOSA";"";"";"São Salvador do Mundo";"";"Sim";"43"
"Zona";"JALALO RAMOS";"";"";"São Salvador do Mundo";"";"Sim";"124"
"Zona";"LEITÃO GRANDE 1";"";"";"São Salvador do Mundo";"";"Sim";"164"
"Zona";"LEITÃO GRANDE 2";"";"";"São Salvador do Mundo";"";"Sim";"97"
"Zona";"LEITÃOZINHO";"";"";"São Salvador do Mundo";"";"Sim";"118"
"Zona";"MANHANGA";"";"";"São Salvador do Mundo";"";"Sim";"23"
"Zona";"MATO FORTE";"";"";"São Salvador do Mundo";"";"Sim";"36"
"Zona";"MATO LIMÃO";"";"";"São Salvador do Mundo";"";"Sim";"32"
"Zona";"PICO FREIRE/MANIPU";"";"";"São Salvador do Mundo";"";"Sim";"67"
"Zona";"PICOS ACIMA 1";"";"";"São Salvador do Mundo";"";"Sim";"139"
"Zona";"PICOS ACIMA 2";"";"";"São Salvador do Mundo";"";"Sim";"218"
"Zona";"PURGUERA/RIBELO ACIMA";"";"";"São Salvador do Mundo";"";"Sim";"77"
"Zona";"Alto Mira Mar/Alto Santo António";"";"";"São Vicente";"";"Sim";"135"
"Zona";"Alto Solarino/Fonte Conego/Forca";"";"";"São Vicente";"";"Sim";"117"
"Zona";"Alto São Nicolau";"";"";"São Vicente";"";"Sim";"176"
"Zona";"Bela Vista/Pedreira";"";"";"São Vicente";"";"Sim";"900"
"Zona";"Calhau";"";"";"São Vicente";"";"Sim";"188"
"Zona";"Campim/Dji D'Sal";"";"";"São Vicente";"";"Sim";"374"
"Zona";"Centro Cidade";"";"";"São Vicente";"";"Sim";"493"
"Zona";"Chã de Alecrim";"";"";"São Vicente";"";"Sim";"1090"
"Zona";"Chã de Cemiterio";"";"";"São Vicente";"";"Sim";"66"
"Zona";"Chã de Marinha";"";"";"São Vicente";"";"Sim";"179"
"Zona";"Cruz João Évora";"";"";"São Vicente";"";"Sim";"428"
"Zona";"Espia";"";"";"São Vicente";"";"Sim";"552"
"Zona";"Fernado Pó/Horta Seca";"";"";"São Vicente";"";"Sim";"472"
"Zona";"Fonte Filipe";"";"";"São Vicente";"";"Sim";"405"
"Zona";"Fonte Francês";"";"";"São Vicente";"";"Sim";"545"
"Zona";"Fonte Inês";"";"";"São Vicente";"";"Sim";"708"
"Zona";"Lameirão";"";"";"São Vicente";"";"Sim";"80"
"Zona";"Lazareto";"";"";"São Vicente";"";"Sim";"100"
"Zona";"Madeiral";"";"";"São Vicente";"";"Sim";"69"
"Zona";"Madeiralzinho";"";"";"São Vicente";"";"Sim";"747"
"Zona";"Monte Sossego";"";"";"São Vicente";"";"Sim";"1887"
"Zona";"Monte/Craca";"";"";"São Vicente";"";"Sim";"217"
"Zona";"Norte de Baía";"";"";"São Vicente";"";"Sim";"27"
"Zona";"Pedra Rolada";"";"";"São Vicente";"";"Sim";"291"
"Zona";"Ribeira Bote";"";"";"São Vicente";"";"Sim";"552"
"Zona";"Ribeira Craquinha";"";"";"São Vicente";"";"Sim";"593"
"Zona";"Ribeira de Julião";"";"";"São Vicente";"";"Sim";"154"
"Zona";"Ribeira de Vinha";"";"";"São Vicente";"";"Sim";"90"
"Zona";"Ribeirinha";"";"";"São Vicente";"";"Sim";"1236"
"Zona";"Salamansa";"";"";"São Vicente";"";"Sim";"438"
"Zona";"São Pedro/Santo André";"";"";"São Vicente";"";"Sim";"225"
"Zona";"Vila Nova/Lombo Tanque";"";"";"São Vicente";"";"Sim";"591"
"Zona";"ALTO SACO/ALTO FONTAÍNHAS";"";"";"TARRAFAL DE SÃO NICOLAU";"";"Sim";"187"
"Zona";"JOÃO BAPTISTA/ESCADA-SN";"";"";"TARRAFAL DE SÃO NICOLAU";"";"Sim";"391"
"Zona";"PRAIA BRANCA-SN";"";"";"TARRAFAL DE SÃO NICOLAU";"";"Sim";"63"
"Zona";"Rª PRATA-SN";"";"";"TARRAFAL DE SÃO NICOLAU";"";"Sim";"65"
"Zona";"VILA DO TARRAFAL";"";"";"TARRAFAL DE SÃO NICOLAU";"";"Sim";"126"
"Zona";"ACHADA BISCAINHO";"";"";"Tarrafal";"";"Sim";"76"
"Zona";"ACHADA CARREIRA";"";"";"Tarrafal";"";"Sim";"12"
"Zona";"ACHADA LAGOA";"";"";"Tarrafal";"";"Sim";"9"
"Zona";"ACHADA LONGUEIRA/ CONTADOR";"";"";"Tarrafal";"";"Sim";"48"
"Zona";"ACHADA MEIO";"";"";"Tarrafal";"";"Sim";"39"
"Zona";"ACHADA MOIRÃO";"";"";"Tarrafal";"";"Sim";"139"
"Zona";"ACHADA TENDA/ACHADA PORTO/BILIMBOA";"";"";"Tarrafal";"";"Sim";"248"
"Zona";"BISCAINHO";"";"";"Tarrafal";"";"Sim";"194"
"Zona";"CABEÇA CARREIRA/ MONTE MOSCA";"";"";"Tarrafal";"";"Sim";"165"
"Zona";"CHÃO BOM / LADO ESQUERDO";"";"";"Tarrafal";"";"Sim";"115"
"Zona";"CHÃO BOM /LADO DIREITO";"";"";"Tarrafal";"";"Sim";"274"
"Zona";"COLHE BICHO/CHÃ DE CAPELA /MONTE BODE";"";"";"Tarrafal";"";"Sim";"279"
"Zona";"COVÃO SANCHES / PONTA GATO";"";"";"Tarrafal";"";"Sim";"233"
"Zona";"CURRAL VELHO/ ACHADA PONCIANA/PEDRA COMPRIDO";"";"";"Tarrafal";"";"Sim";"53"
"Zona";"FAZENDA";"";"";"Tarrafal";"";"Sim";"31"
"Zona";"FIGUEIRA MUITA";"";"";"Tarrafal";"";"Sim";"45"
"Zona";"GANCHEMBA";"";"";"Tarrafal";"";"Sim";"25"
"Zona";"GUINDÃO /MONTE VERMELHO/ CASA CHOCA";"";"";"Tarrafal";"";"Sim";"10"
"Zona";"LAGOA";"";"";"Tarrafal";"";"Sim";"11"
"Zona";"LEM MENDES";"";"";"Tarrafal";"";"Sim";"198"
"Zona";"MATO BRASIL";"";"";"Tarrafal";"";"Sim";"26"
"Zona";"MATO MENDES";"";"";"Tarrafal";"";"Sim";"42"
"Zona";"MILHO BRANCO/ MONTINHO";"";"";"Tarrafal";"";"Sim";"20"
"Zona";"MONTE IRIA / ALTO ESTRADA";"";"";"Tarrafal";"";"Sim";"357"
"Zona";"PERDIGOTO / CHÃ DE LAVADA";"";"";"Tarrafal";"";"Sim";"133"
"Zona";"PONTA FURNA/PONTA LOBRÃO/ACHADA BILIM";"";"";"Tarrafal";"";"Sim";"66"
"Zona";"PONTA LAGOA / SERRADO CABINDA";"";"";"Tarrafal";"";"Sim";"238"
"Zona";"RIBEIRA DA PRATA / CUBA";"";"";"Tarrafal";"";"Sim";"191"
"Zona";"TRÁS-OS- MONTES/ASSOMADA";"";"";"Tarrafal";"";"Sim";"94"
"Zona";"VILA CENTRO";"";"";"Tarrafal";"";"Sim";"309"
"Mesa";"BV-E-01";"";"";"Boa Vista";"Bofareira";"Sim";""
"Mesa";"BV-H-01";"";"";"Boa Vista";"Cabeça dos Tarafes";"Sim";""
"Mesa";"BV-A-01";"";"";"Boa Vista";"Cidade de Sal-Rei";"Sim";""
"Mesa";"BV-A-02";"";"";"Boa Vista";"Cidade de Sal-Rei";"Sim";""
"Mesa";"BV-A-03";"";"";"Boa Vista";"Cidade de Sal-Rei";"Sim";""
"Mesa";"BV-A-04";"";"";"Boa Vista";"Cidade de Sal-Rei";"Sim";""
"Mesa";"BV-A-05";"";"";"Boa Vista";"Cidade de Sal-Rei";"Sim";""
"Mesa";"BV-A-06";"";"";"Boa Vista";"Cidade de Sal-Rei";"Sim";""
"Mesa";"BV-A-07";"";"";"Boa Vista";"Cidade de Sal-Rei";"Sim";""
"Mesa";"BV-A-08";"";"";"Boa Vista";"Cidade de Sal-Rei";"Sim";""
"Mesa";"BV-A-09";"";"";"Boa Vista";"Cidade de Sal-Rei";"Sim";""
"Mesa";"BV-A-10";"";"";"Boa Vista";"Cidade de Sal-Rei";"Sim";""
"Mesa";"BV-A-11";"";"";"Boa Vista";"Cidade de Sal-Rei";"Sim";""
"Mesa";"BV-A-12";"";"";"Boa Vista";"Cidade de Sal-Rei";"Sim";""
"Mesa";"BV-A-13";"";"";"Boa Vista";"Cidade de Sal-Rei";"Sim";""
"Mesa";"BV-A-14";"";"";"Boa Vista";"Cidade de Sal-Rei";"Sim";""
"Mesa";"BV-C-01";"";"";"Boa Vista";"Estancia de Baixo";"Sim";""
"Mesa";"BV-G-01";"";"";"Boa Vista";"Fundo das Figueiras";"Sim";""
"Mesa";"BV-F-01";"";"";"Boa Vista";"João Galego";"Sim";""
"Mesa";"BV-D-01";"";"";"Boa Vista";"Povoação Velha";"Sim";""
"Mesa";"BV-B-01";"";"";"Boa Vista";"Rabil";"Sim";""
"Mesa";"BV-B-02";"";"";"Boa Vista";"Rabil";"Sim";""
"Mesa";"BV-B-03";"";"";"Boa Vista";"Rabil";"Sim";""
"Mesa";"US-AH-01";"";"";"ESTADOS UNIDOS DA AMÉRICA";"Amherst A";"Sim";""
"Mesa";"US-BP-01";"";"";"ESTADOS UNIDOS DA AMÉRICA";"Bridgeport A";"Sim";""
"Mesa";"US-BK-01";"";"";"ESTADOS UNIDOS DA AMÉRICA";"Brockton A";"Sim";""
"Mesa";"US-BK-02";"";"";"ESTADOS UNIDOS DA AMÉRICA";"Brockton A";"Sim";""
"Mesa";"US-BK-03";"";"";"ESTADOS UNIDOS DA AMÉRICA";"Brockton A";"Sim";""
"Mesa";"US-BK-04";"";"";"ESTADOS UNIDOS DA AMÉRICA";"Brockton A";"Sim";""
"Mesa";"US-BK-05";"";"";"ESTADOS UNIDOS DA AMÉRICA";"Brockton A";"Sim";""
"Mesa";"US-BK-06";"";"";"ESTADOS UNIDOS DA AMÉRICA";"Brockton A";"Sim";""
"Mesa";"US-BK-07";"";"";"ESTADOS UNIDOS DA AMÉRICA";"Brockton A";"Sim";""
"Mesa";"US-BK-08";"";"";"ESTADOS UNIDOS DA AMÉRICA";"Brockton A";"Sim";""
"Mesa";"US-BK-09";"";"";"ESTADOS UNIDOS DA AMÉRICA";"Brockton A";"Sim";""
"Mesa";"US-BK-10";"";"";"ESTADOS UNIDOS DA AMÉRICA";"Brockton A";"Sim";""
"Mesa";"US-BK-11";"";"";"ESTADOS UNIDOS DA AMÉRICA";"Brockton A";"Sim";""
"Mesa";"US-BK-12";"";"";"ESTADOS UNIDOS DA AMÉRICA";"Brockton A";"Sim";""
"Mesa";"US-BK-13";"";"";"ESTADOS UNIDOS DA AMÉRICA";"Brockton A";"Sim";""
"Mesa";"US-CB-01";"";"";"ESTADOS UNIDOS DA AMÉRICA";"Cambridge";"Sim";""
"Mesa";"US-DR-01";"";"";"ESTADOS UNIDOS DA AMÉRICA";"Dorchester A";"Sim";""
"Mesa";"US-DR-02";"";"";"ESTADOS UNIDOS DA AMÉRICA";"Dorchester A";"Sim";""
"Mesa";"US-DR-03";"";"";"ESTADOS UNIDOS DA AMÉRICA";"Dorchester A";"Sim";""
"Mesa";"US-DR-04";"";"";"ESTADOS UNIDOS DA AMÉRICA";"Dorchester A";"Sim";""
"Mesa";"US-DR-05";"";"";"ESTADOS UNIDOS DA AMÉRICA";"Dorchester A";"Sim";""
"Mesa";"US-DR-06";"";"";"ESTADOS UNIDOS DA AMÉRICA";"Dorchester A";"Sim";""
"Mesa";"US-DR-07";"";"";"ESTADOS UNIDOS DA AMÉRICA";"Dorchester A";"Sim";""
"Mesa";"US-FL-01";"";"";"ESTADOS UNIDOS DA AMÉRICA";"Flórida";"Sim";""
"Mesa";"US-NB-01";"";"";"ESTADOS UNIDOS DA AMÉRICA";"New Bedford A";"Sim";""
"Mesa";"US-NB-02";"";"";"ESTADOS UNIDOS DA AMÉRICA";"New Bedford A";"Sim";""
"Mesa";"US-NW-01";"";"";"ESTADOS UNIDOS DA AMÉRICA";"New Jersey";"Sim";""
"Mesa";"US-NR-01";"";"";"ESTADOS UNIDOS DA AMÉRICA";"Norwich A";"Sim";""
"Mesa";"US-PA-01";"";"";"ESTADOS UNIDOS DA AMÉRICA";"Pennsylvania";"Sim";""
"Mesa";"US-QY-01";"";"";"ESTADOS UNIDOS DA AMÉRICA";"Quincy";"Sim";""
"Mesa";"US-EI-01";"";"";"ESTADOS UNIDOS DA AMÉRICA";"Rhode Island";"Sim";""
"Mesa";"US-EI-02";"";"";"ESTADOS UNIDOS DA AMÉRICA";"Rhode Island";"Sim";""
"Mesa";"US-EI-03";"";"";"ESTADOS UNIDOS DA AMÉRICA";"Rhode Island";"Sim";""
"Mesa";"US-EI-04";"";"";"ESTADOS UNIDOS DA AMÉRICA";"Rhode Island";"Sim";""
"Mesa";"US-EI-05";"";"";"ESTADOS UNIDOS DA AMÉRICA";"Rhode Island";"Sim";""
"Mesa";"US-RX-01";"";"";"ESTADOS UNIDOS DA AMÉRICA";"Roxbury";"Sim";""
"Mesa";"US-TN-01";"";"";"ESTADOS UNIDOS DA AMÉRICA";"Taunton";"Sim";""
"Mesa";"US-WD-01";"";"";"ESTADOS UNIDOS DA AMÉRICA";"Washington DC";"Sim";""
"Mesa";"US-WT-01";"";"";"ESTADOS UNIDOS DA AMÉRICA";"Waterbury A";"Sim";""
"Mesa";"US-YO-01";"";"";"ESTADOS UNIDOS DA AMÉRICA";"Yonkers";"Sim";""
"Mesa";"FR-AM-01";"";"";"FRANÇA";"AMIENS";"Sim";""
"Mesa";"FR-AN-01";"";"";"FRANÇA";"Annemasse";"Sim";""
"Mesa";"FR-CA-01";"";"";"FRANÇA";"CANNES";"Sim";""
"Mesa";"FR-CM-01";"";"";"FRANÇA";"CHAMPIGNY SUR MARNE";"Sim";""
"Mesa";"FR-CM-02";"";"";"FRANÇA";"CHAMPIGNY SUR MARNE";"Sim";""
"Mesa";"FR-CH-01";"";"";"FRANÇA";"CHELLES";"Sim";""
"Mesa";"FR-CR-01";"";"";"FRANÇA";"CREIL";"Sim";""
"Mesa";"FR-EM-01";"";"";"FRANÇA";"EMBAIXADA";"Sim";""
"Mesa";"FR-EM-02";"";"";"FRANÇA";"EMBAIXADA";"Sim";""
"Mesa";"FR-EM-03";"";"";"FRANÇA";"EMBAIXADA";"Sim";""
"Mesa";"FR-EM-04";"";"";"FRANÇA";"EMBAIXADA";"Sim";""
"Mesa";"FR-EM-05";"";"";"FRANÇA";"EMBAIXADA";"Sim";""
"Mesa";"FR-EM-06";"";"";"FRANÇA";"EMBAIXADA";"Sim";""
"Mesa";"FR-EM-07";"";"";"FRANÇA";"EMBAIXADA";"Sim";""
"Mesa";"FR-EM-08";"";"";"FRANÇA";"EMBAIXADA";"Sim";""
"Mesa";"FR-EM-09";"";"";"FRANÇA";"EMBAIXADA";"Sim";""
"Mesa";"FR-JU-01";"";"";"FRANÇA";"JUVISY";"Sim";""
"Mesa";"FR-JU-02";"";"";"FRANÇA";"JUVISY";"Sim";""
"Mesa";"FR-LY-01";"";"";"FRANÇA";"LYON";"Sim";""
"Mesa";"FR-MA-01";"";"";"FRANÇA";"MARSEILLE";"Sim";""
"Mesa";"FR-ME-01";"";"";"FRANÇA";"MELUN";"Sim";""
"Mesa";"FR-NI-01";"";"";"FRANÇA";"NICE";"Sim";""
"Mesa";"FR-NI-02";"";"";"FRANÇA";"NICE";"Sim";""
"Mesa";"FR-OY-01";"";"";"FRANÇA";"OYONNAX";"Sim";""
"Mesa";"FR-PO-01";"";"";"FRANÇA";"PONTOISE";"Sim";""
"Mesa";"FR-RO-01";"";"";"FRANÇA";"ROUBAIX";"Sim";""
"Mesa";"FR-TL-01";"";"";"FRANÇA";"TOULOUSE";"Sim";""
"Mesa";"FR-VN-01";"";"";"FRANÇA";"VILLENEUVE SAINT GEORGES";"Sim";""
"Mesa";"LU-EA-01";"";"";"LUXEMBOURG";"Esch-Sur-Alzette Sul";"Sim";""
"Mesa";"LU-EA-02";"";"";"LUXEMBOURG";"Esch-Sur-Alzette Sul";"Sim";""
"Mesa";"LU-ET-01";"";"";"LUXEMBOURG";"Ettelbruck Norte";"Sim";""
"Mesa";"LU-ET-02";"";"";"LUXEMBOURG";"Ettelbruck Norte";"Sim";""
"Mesa";"LU-LU-01";"";"";"LUXEMBOURG";"Luxemburgo Centro";"Sim";""
"Mesa";"LU-LU-02";"";"";"LUXEMBOURG";"Luxemburgo Centro";"Sim";""
"Mesa";"MA-GG-01";"";"";"Maio";"Alcatraz";"Sim";""
"Mesa";"MA-CC-01";"";"";"Maio";"Barreiro";"Sim";""
"Mesa";"MA-MM-01";"";"";"Maio";"Calheta";"Sim";""
"Mesa";"MA-MM-02";"";"";"Maio";"Calheta";"Sim";""
"Mesa";"MA-JJ-01";"";"";"Maio";"Cascabulho";"Sim";""
"Mesa";"MA-DD-01";"";"";"Maio";"Figueiras";"Sim";""
"Mesa";"MA-LL-01";"";"";"Maio";"Morrinho";"Sim";""
"Mesa";"MA-NN-01";"";"";"Maio";"Morro";"Sim";""
"Mesa";"MA-HH-01";"";"";"Maio";"PEDROVAZ";"Sim";""
"Mesa";"MA-FF-01";"";"";"Maio";"PILAOCAO";"Sim";""
"Mesa";"MA-II-01";"";"";"Maio";"PRAIAGONÇALO";"Sim";""
"Mesa";"MA-EE-01";"";"";"Maio";"RIBEIRADOMJOAO";"Sim";""
"Mesa";"MA-AA-01";"";"";"Maio";"VILA";"Sim";""
"Mesa";"MA-AA-02";"";"";"Maio";"VILA";"Sim";""
"Mesa";"MA-BB-01";"";"";"Maio";"VILA";"Sim";""
"Mesa";"MA-BB-02";"";"";"Maio";"VILA";"Sim";""
"Mesa";"MA-BB-03";"";"";"Maio";"VILA";"Sim";""
"Mesa";"NL-DE-01";"";"";"NETHERLANDS";"Delfzijl";"Sim";""
"Mesa";"NL-RO-01";"";"";"NETHERLANDS";"Roterdam";"Sim";""
"Mesa";"NL-RO-02";"";"";"NETHERLANDS";"Roterdam";"Sim";""
"Mesa";"NL-RO-03";"";"";"NETHERLANDS";"Roterdam";"Sim";""
"Mesa";"NL-31-01";"";"";"NETHERLANDS";"Roterdão";"Sim";""
"Mesa";"NL-ZA-01";"";"";"NETHERLANDS";"Zaandam(Noor-Holand)";"Sim";""
"Mesa";"PN-B-01";"";"";"Porto Novo";"ABUFADOR - SÃO JOÃO BAPTISTA";"Sim";""
"Mesa";"PN-B-02";"";"";"Porto Novo";"ABUFADOR - SÃO JOÃO BAPTISTA";"Sim";""
"Mesa";"PN-X-01";"";"";"Porto Novo";"ALDEIA DO NORTE - SANTO ANDRÉ";"Sim";""
"Mesa";"PN-AD-01";"";"";"Porto Novo";"ALTO MIRA 1º POVOADO - SANTO ANDRÉ";"Sim";""
"Mesa";"PN-AE-01";"";"";"Porto Novo";"ALTO MIRA 2º POVOADO - SANTO ANDRÉ";"Sim";""
"Mesa";"PN-AF-01";"";"";"Porto Novo";"ALTO MIRA 3º POVOADO - SANTO ANDRÉ";"Sim";""
"Mesa";"PN-D1-01";"";"";"Porto Novo";"ALTO SÃO TOMÉ - SÃO JOÃO BAPTISTA";"Sim";""
"Mesa";"PN-D1-02";"";"";"Porto Novo";"ALTO SÃO TOMÉ - SÃO JOÃO BAPTISTA";"Sim";""
"Mesa";"PN-D1-03";"";"";"Porto Novo";"ALTO SÃO TOMÉ - SÃO JOÃO BAPTISTA";"Sim";""
"Mesa";"PN-D1-04";"";"";"Porto Novo";"ALTO SÃO TOMÉ - SÃO JOÃO BAPTISTA";"Sim";""
"Mesa";"PN-D-01";"";"";"Porto Novo";"ARMAZÉM - SÃO JOÃO BAPTISTA";"Sim";""
"Mesa";"PN-D-02";"";"";"Porto Novo";"ARMAZÉM - SÃO JOÃO BAPTISTA";"Sim";""
"Mesa";"PN-C-01";"";"";"Porto Novo";"BAIRRO - SÃO JOÃO BAPTISTA";"Sim";""
"Mesa";"PN-C-02";"";"";"Porto Novo";"BAIRRO - SÃO JOÃO BAPTISTA";"Sim";""
"Mesa";"PN-C-03";"";"";"Porto Novo";"BAIRRO - SÃO JOÃO BAPTISTA";"Sim";""
"Mesa";"PN-A-01";"";"";"Porto Novo";"BERLIM - SÃO JOÃO BAPTISTA";"Sim";""
"Mesa";"PN-A-03";"";"";"Porto Novo";"BERLIM - SÃO JOÃO BAPTISTA";"Sim";""
"Mesa";"PN-A-04";"";"";"Porto Novo";"BERLIM - SÃO JOÃO BAPTISTA";"Sim";""
"Mesa";"PN-A-05";"";"";"Porto Novo";"BERLIM - SÃO JOÃO BAPTISTA";"Sim";""
"Mesa";"PN-A-06";"";"";"Porto Novo";"BERLIM - SÃO JOÃO BAPTISTA";"Sim";""
"Mesa";"PN-I-01";"";"";"Porto Novo";"CASA DE MEIO - SÃO JOÃO BAPTISTA";"Sim";""
"Mesa";"PN-AB-01";"";"";"Porto Novo";"CHÃ BRANQUINHO - SANTO ANDRÉ";"Sim";""
"Mesa";"PN-U-01";"";"";"Porto Novo";"CHÃ DE FEIJOAL - SANTO ANDRÉ";"Sim";""
"Mesa";"PN-M-01";"";"";"Porto Novo";"CHÃ DE MORTE - SÃO JOÃO BAPTISTA";"Sim";""
"Mesa";"PN-M-02";"";"";"Porto Novo";"CHÃ DE MORTE - SÃO JOÃO BAPTISTA";"Sim";""
"Mesa";"PN-W-01";"";"";"Porto Novo";"CHÃ DE NORTE - SANTO ANDRÉ";"Sim";""
"Mesa";"PN-N-01";"";"";"Porto Novo";"CÍRIO - SÃO JOÃO BAPTISTA";"Sim";""
"Mesa";"PN-N-02";"";"";"Porto Novo";"CÍRIO - SÃO JOÃO BAPTISTA";"Sim";""
"Mesa";"PN-AC-01";"";"";"Porto Novo";"JORGE LUÍS - SANTO ANDRÉ";"Sim";""
"Mesa";"PN-P-01";"";"";"Porto Novo";"LAGOA DE PLANALTO LESTE - SÃO JOÃO BAPTISTA";"Sim";""
"Mesa";"PN-L-01";"";"";"Porto Novo";"LAGOA DE Rª DAS PATAS - SÃO JOÃO BAPTISTA";"Sim";""
"Mesa";"PN-J-01";"";"";"Porto Novo";"LAJEDOS";"Sim";""
"Mesa";"PN-Q-01";"";"";"Porto Novo";"LOMBO FIGUEIRAS - SÃO JOÃO BAPTISTA";"Sim";""
"Mesa";"PN-Y-01";"";"";"Porto Novo";"MANUEL LOPES - SÃO JOÃO BAPTISTA";"Sim";""
"Mesa";"PN-Z-01";"";"";"Porto Novo";"MARTIENE - SANTO ANDRÉ";"Sim";""
"Mesa";"PN-T-01";"";"";"Porto Novo";"MONTE TRIGO - SANTO ANDRÉ";"Sim";""
"Mesa";"PN-V-01";"";"";"Porto Novo";"PASCOAL ALVES - SANTO ANDRÉ";"Sim";""
"Mesa";"PN-H-01";"";"";"Porto Novo";"PONTE SUL - SÃO JOÃO BAPTISTA";"Sim";""
"Mesa";"PN-AA-01";"";"";"Porto Novo";"RIBEIRA DA CRUZ - SANTO ANDRÉ";"Sim";""
"Mesa";"PN-A1-01";"";"";"Porto Novo";"RIBEIRA DE CORUGINHA - SÃO JOÃO BAPTISTA";"Sim";""
"Mesa";"PN-A1-02";"";"";"Porto Novo";"RIBEIRA DE CORUGINHA - SÃO JOÃO BAPTISTA";"Sim";""
"Mesa";"PN-A1-03";"";"";"Porto Novo";"RIBEIRA DE CORUGINHA - SÃO JOÃO BAPTISTA";"Sim";""
"Mesa";"PN-A1-04";"";"";"Porto Novo";"RIBEIRA DE CORUGINHA - SÃO JOÃO BAPTISTA";"Sim";""
"Mesa";"PN-O-01";"";"";"Porto Novo";"RIBEIRA DOS BODES - SÃO JOÃO BAPTISTA";"Sim";""
"Mesa";"PN-AG-01";"";"";"Porto Novo";"RIBEIRA FRIA - SÃO JOÃO BAPTISTA";"Sim";""
"Mesa";"PN-K-01";"";"";"Porto Novo";"SUL";"Sim";""
"Mesa";"PN-R-01";"";"";"Porto Novo";"TARRAFAL / COVÃO - SÃO JOÃO BAPTISTA";"Sim";""
"Mesa";"PN-S-01";"";"";"Porto Novo";"TARRAFAL / PRAIA -SÃO JOÃO BAPTISTA";"Sim";""
"Mesa";"PN-S-02";"";"";"Porto Novo";"TARRAFAL / PRAIA -SÃO JOÃO BAPTISTA";"Sim";""
"Mesa";"PR-AL-01";"";"";"Praia";"ACHADA EUGENIO LIMA";"Sim";""
"Mesa";"PR-AL-02";"";"";"Praia";"ACHADA EUGENIO LIMA";"Sim";""
"Mesa";"PR-AL-03";"";"";"Praia";"ACHADA EUGENIO LIMA";"Sim";""
"Mesa";"PR-AL-04";"";"";"Praia";"ACHADA EUGENIO LIMA";"Sim";""
"Mesa";"PR-AL-05";"";"";"Praia";"ACHADA EUGENIO LIMA";"Sim";""
"Mesa";"PR-AL-06";"";"";"Praia";"ACHADA EUGENIO LIMA";"Sim";""
"Mesa";"PR-AL-07";"";"";"Praia";"ACHADA EUGENIO LIMA";"Sim";""
"Mesa";"PR-AL-08";"";"";"Praia";"ACHADA EUGENIO LIMA";"Sim";""
"Mesa";"PR-AL-09";"";"";"Praia";"ACHADA EUGENIO LIMA";"Sim";""
"Mesa";"PR-AL-10";"";"";"Praia";"ACHADA EUGENIO LIMA";"Sim";""
"Mesa";"PR-AL-11";"";"";"Praia";"ACHADA EUGENIO LIMA";"Sim";""
"Mesa";"PR-AZ-01";"";"";"Praia";"ACHADA GRANDE FRENTE";"Sim";""
"Mesa";"PR-AZ-02";"";"";"Praia";"ACHADA GRANDE FRENTE";"Sim";""
"Mesa";"PR-AZ-03";"";"";"Praia";"ACHADA GRANDE FRENTE";"Sim";""
"Mesa";"PR-AZ-04";"";"";"Praia";"ACHADA GRANDE FRENTE";"Sim";""
"Mesa";"PR-AZ-05";"";"";"Praia";"ACHADA GRANDE FRENTE";"Sim";""
"Mesa";"PR-AZ-06";"";"";"Praia";"ACHADA GRANDE FRENTE";"Sim";""
"Mesa";"PR-AZ-07";"";"";"Praia";"ACHADA GRANDE FRENTE";"Sim";""
"Mesa";"PR-AZ-08";"";"";"Praia";"ACHADA GRANDE FRENTE";"Sim";""
"Mesa";"PR-B-01";"";"";"Praia";"ACHADA GRANDE TRAS";"Sim";""
"Mesa";"PR-B-02";"";"";"Praia";"ACHADA GRANDE TRAS";"Sim";""
"Mesa";"PR-B-03";"";"";"Praia";"ACHADA GRANDE TRAS";"Sim";""
"Mesa";"PR-B-04";"";"";"Praia";"ACHADA GRANDE TRAS";"Sim";""
"Mesa";"PR-B-05";"";"";"Praia";"ACHADA GRANDE TRAS";"Sim";""
"Mesa";"PR-BR-01";"";"";"Praia";"ACHADA LIMPO";"Sim";""
"Mesa";"PR-BR-02";"";"";"Praia";"ACHADA LIMPO";"Sim";""
"Mesa";"PR-BA-01";"";"";"Praia";"ACHADA MATO";"Sim";""
"Mesa";"PR-BA-02";"";"";"Praia";"ACHADA MATO";"Sim";""
"Mesa";"PR-BA-03";"";"";"Praia";"ACHADA MATO";"Sim";""
"Mesa";"PR-BA-04";"";"";"Praia";"ACHADA MATO";"Sim";""
"Mesa";"PR-BA-05";"";"";"Praia";"ACHADA MATO";"Sim";""
"Mesa";"PR-A-01";"";"";"Praia";"ACHADA SANTO ANTONIO (BRASIL)";"Sim";""
"Mesa";"PR-A-02";"";"";"Praia";"ACHADA SANTO ANTONIO (BRASIL)";"Sim";""
"Mesa";"PR-A-03";"";"";"Praia";"ACHADA SANTO ANTONIO (BRASIL)";"Sim";""
"Mesa";"PR-A-04";"";"";"Praia";"ACHADA SANTO ANTONIO (BRASIL)";"Sim";""
"Mesa";"PR-A-05";"";"";"Praia";"ACHADA SANTO ANTONIO (BRASIL)";"Sim";""
"Mesa";"PR-AC-01";"";"";"Praia";"ACHADA SANTO ANTONIO (DI NÔS)";"Sim";""
"Mesa";"PR-AC-02";"";"";"Praia";"ACHADA SANTO ANTONIO (DI NÔS)";"Sim";""
"Mesa";"PR-AC-03";"";"";"Praia";"ACHADA SANTO ANTONIO (DI NÔS)";"Sim";""
"Mesa";"PR-AA-01";"";"";"Praia";"ACHADA SANTO ANTONIO (ESCOLA GRANDE)";"Sim";""
"Mesa";"PR-AA-02";"";"";"Praia";"ACHADA SANTO ANTONIO (ESCOLA GRANDE)";"Sim";""
"Mesa";"PR-AA-03";"";"";"Praia";"ACHADA SANTO ANTONIO (ESCOLA GRANDE)";"Sim";""
"Mesa";"PR-AA-04";"";"";"Praia";"ACHADA SANTO ANTONIO (ESCOLA GRANDE)";"Sim";""
"Mesa";"PR-AA-05";"";"";"Praia";"ACHADA SANTO ANTONIO (ESCOLA GRANDE)";"Sim";""
"Mesa";"PR-AA-06";"";"";"Praia";"ACHADA SANTO ANTONIO (ESCOLA GRANDE)";"Sim";""
"Mesa";"PR-AA-07";"";"";"Praia";"ACHADA SANTO ANTONIO (ESCOLA GRANDE)";"Sim";""
"Mesa";"PR-AA-08";"";"";"Praia";"ACHADA SANTO ANTONIO (ESCOLA GRANDE)";"Sim";""
"Mesa";"PR-AA-09";"";"";"Praia";"ACHADA SANTO ANTONIO (ESCOLA GRANDE)";"Sim";""
"Mesa";"PR-AA-10";"";"";"Praia";"ACHADA SANTO ANTONIO (ESCOLA GRANDE)";"Sim";""
"Mesa";"PR-AA-11";"";"";"Praia";"ACHADA SANTO ANTONIO (ESCOLA GRANDE)";"Sim";""
"Mesa";"PR-AA-12";"";"";"Praia";"ACHADA SANTO ANTONIO (ESCOLA GRANDE)";"Sim";""
"Mesa";"PR-AB-01";"";"";"Praia";"ACHADA SANTO ANTONIO (MEIO DE ACHADA)";"Sim";""
"Mesa";"PR-AB-02";"";"";"Praia";"ACHADA SANTO ANTONIO (MEIO DE ACHADA)";"Sim";""
"Mesa";"PR-AB-03";"";"";"Praia";"ACHADA SANTO ANTONIO (MEIO DE ACHADA)";"Sim";""
"Mesa";"PR-AB-04";"";"";"Praia";"ACHADA SANTO ANTONIO (MEIO DE ACHADA)";"Sim";""
"Mesa";"PR-BD-01";"";"";"Praia";"ACHADA SÃO FILIPE";"Sim";""
"Mesa";"PR-BD-02";"";"";"Praia";"ACHADA SÃO FILIPE";"Sim";""
"Mesa";"PR-BD-03";"";"";"Praia";"ACHADA SÃO FILIPE";"Sim";""
"Mesa";"PR-BD-04";"";"";"Praia";"ACHADA SÃO FILIPE";"Sim";""
"Mesa";"PR-BD-05";"";"";"Praia";"ACHADA SÃO FILIPE";"Sim";""
"Mesa";"PR-BD-06";"";"";"Praia";"ACHADA SÃO FILIPE";"Sim";""
"Mesa";"PR-BD-07";"";"";"Praia";"ACHADA SÃO FILIPE";"Sim";""
"Mesa";"PR-BD-08";"";"";"Praia";"ACHADA SÃO FILIPE";"Sim";""
"Mesa";"PR-BD-09";"";"";"Praia";"ACHADA SÃO FILIPE";"Sim";""
"Mesa";"PR-BD-10";"";"";"Praia";"ACHADA SÃO FILIPE";"Sim";""
"Mesa";"PR-BE-01";"";"";"Praia";"ACHADA SÃO FILIPE - MONTEAGARRA";"Sim";""
"Mesa";"PR-BE-02";"";"";"Praia";"ACHADA SÃO FILIPE - MONTEAGARRA";"Sim";""
"Mesa";"PR-AJ-01";"";"";"Praia";"ACHADINHA BAIXO";"Sim";""
"Mesa";"PR-AJ-02";"";"";"Praia";"ACHADINHA BAIXO";"Sim";""
"Mesa";"PR-AJ-03";"";"";"Praia";"ACHADINHA BAIXO";"Sim";""
"Mesa";"PR-AJ-04";"";"";"Praia";"ACHADINHA BAIXO";"Sim";""
"Mesa";"PR-AJ-05";"";"";"Praia";"ACHADINHA BAIXO";"Sim";""
"Mesa";"PR-AK-01";"";"";"Praia";"ACHADINHA CIMA";"Sim";""
"Mesa";"PR-AK-02";"";"";"Praia";"ACHADINHA CIMA";"Sim";""
"Mesa";"PR-AK-03";"";"";"Praia";"ACHADINHA CIMA";"Sim";""
"Mesa";"PR-AK-04";"";"";"Praia";"ACHADINHA CIMA";"Sim";""
"Mesa";"PR-AK-05";"";"";"Praia";"ACHADINHA CIMA";"Sim";""
"Mesa";"PR-AK-06";"";"";"Praia";"ACHADINHA CIMA";"Sim";""
"Mesa";"PR-AK-07";"";"";"Praia";"ACHADINHA CIMA";"Sim";""
"Mesa";"PR-AK-08";"";"";"Praia";"ACHADINHA CIMA";"Sim";""
"Mesa";"PR-AK-09";"";"";"Praia";"ACHADINHA CIMA";"Sim";""
"Mesa";"PR-BK-01";"";"";"Praia";"ACHADINHA PIRES";"Sim";""
"Mesa";"PR-BK-02";"";"";"Praia";"ACHADINHA PIRES";"Sim";""
"Mesa";"PR-BO-01";"";"";"Praia";"ALTO DA GLÓRIA";"Sim";""
"Mesa";"PR-BO-02";"";"";"Praia";"ALTO DA GLÓRIA";"Sim";""
"Mesa";"PR-BP-01";"";"";"Praia";"ALTO SAFENDE";"Sim";""
"Mesa";"PR-AI-01";"";"";"Praia";"BAIRRO CRAVEIRO LOPES";"Sim";""
"Mesa";"PR-AI-02";"";"";"Praia";"BAIRRO CRAVEIRO LOPES";"Sim";""
"Mesa";"PR-AI-03";"";"";"Praia";"BAIRRO CRAVEIRO LOPES";"Sim";""
"Mesa";"PR-AF-01";"";"";"Praia";"BELA VISTA";"Sim";""
"Mesa";"PR-AF-02";"";"";"Praia";"BELA VISTA";"Sim";""
"Mesa";"PR-AF-03";"";"";"Praia";"BELA VISTA";"Sim";""
"Mesa";"PR-AF-04";"";"";"Praia";"BELA VISTA";"Sim";""
"Mesa";"PR-AF-05";"";"";"Praia";"BELA VISTA";"Sim";""
"Mesa";"PR-BJ-01";"";"";"Praia";"CAIADA / ISABEL LOPES";"Sim";""
"Mesa";"PR-AN-01";"";"";"Praia";"CALABACEIRA";"Sim";""
"Mesa";"PR-AN-02";"";"";"Praia";"CALABACEIRA";"Sim";""
"Mesa";"PR-AN-03";"";"";"Praia";"CALABACEIRA";"Sim";""
"Mesa";"PR-AN-04";"";"";"Praia";"CALABACEIRA";"Sim";""
"Mesa";"PR-AN-05";"";"";"Praia";"CALABACEIRA";"Sim";""
"Mesa";"PR-AN-06";"";"";"Praia";"CALABACEIRA";"Sim";""
"Mesa";"PR-AN-07";"";"";"Praia";"CALABACEIRA";"Sim";""
"Mesa";"PR-AN-08";"";"";"Praia";"CALABACEIRA";"Sim";""
"Mesa";"PR-AV-01";"";"";"Praia";"CASTELÃO";"Sim";""
"Mesa";"PR-AV-02";"";"";"Praia";"CASTELÃO";"Sim";""
"Mesa";"PR-AV-03";"";"";"Praia";"CASTELÃO";"Sim";""
"Mesa";"PR-AV-04";"";"";"Praia";"CASTELÃO";"Sim";""
"Mesa";"PR-AV-05";"";"";"Praia";"CASTELÃO";"Sim";""
"Mesa";"PR-BN-01";"";"";"Praia";"COQUEIRO";"Sim";""
"Mesa";"PR-AW-01";"";"";"Praia";"FAZENDA";"Sim";""
"Mesa";"PR-AW-02";"";"";"Praia";"FAZENDA";"Sim";""
"Mesa";"PR-AW-03";"";"";"Praia";"FAZENDA";"Sim";""
"Mesa";"PR-AW-04";"";"";"Praia";"FAZENDA";"Sim";""
"Mesa";"PR-AS-01";"";"";"Praia";"LEM CACHORRO";"Sim";""
"Mesa";"PR-AS-02";"";"";"Praia";"LEM CACHORRO";"Sim";""
"Mesa";"PR-AS-03";"";"";"Praia";"LEM CACHORRO";"Sim";""
"Mesa";"PR-AY-01";"";"";"Praia";"LEM FERREIRA";"Sim";""
"Mesa";"PR-AY-02";"";"";"Praia";"LEM FERREIRA";"Sim";""
"Mesa";"PR-AY-03";"";"";"Praia";"LEM FERREIRA";"Sim";""
"Mesa";"PR-BL-01";"";"";"Praia";"MATÃO";"Sim";""
"Mesa";"PR-AG-01";"";"";"Praia";"MONTE VERMELHO";"Sim";""
"Mesa";"PR-AG-02";"";"";"Praia";"MONTE VERMELHO";"Sim";""
"Mesa";"PR-AG-03";"";"";"Praia";"MONTE VERMELHO";"Sim";""
"Mesa";"PR-AU-01";"";"";"Praia";"PAIOL";"Sim";""
"Mesa";"PR-AU-02";"";"";"Praia";"PAIOL";"Sim";""
"Mesa";"PR-AU-03";"";"";"Praia";"PAIOL";"Sim";""
"Mesa";"PR-AU-04";"";"";"Praia";"PAIOL";"Sim";""
"Mesa";"PR-BS-01";"";"";"Praia";"PALHA SÉ";"Sim";""
"Mesa";"PR-BH-01";"";"";"Praia";"PALMAREJO GRANDE";"Sim";""
"Mesa";"PR-BH-02";"";"";"Praia";"PALMAREJO GRANDE";"Sim";""
"Mesa";"PR-BI-01";"";"";"Praia";"PALMAREJO NOVO";"Sim";""
"Mesa";"PR-BI-02";"";"";"Praia";"PALMAREJO NOVO";"Sim";""
"Mesa";"PR-BI-03";"";"";"Praia";"PALMAREJO NOVO";"Sim";""
"Mesa";"PR-BI-04";"";"";"Praia";"PALMAREJO NOVO";"Sim";""
"Mesa";"PR-BI-05";"";"";"Praia";"PALMAREJO NOVO";"Sim";""
"Mesa";"PR-BI-06";"";"";"Praia";"PALMAREJO NOVO";"Sim";""
"Mesa";"PR-BI-07";"";"";"Praia";"PALMAREJO NOVO";"Sim";""
"Mesa";"PR-BI-08";"";"";"Praia";"PALMAREJO NOVO";"Sim";""
"Mesa";"PR-BI-09";"";"";"Praia";"PALMAREJO NOVO";"Sim";""
"Mesa";"PR-BI-10";"";"";"Praia";"PALMAREJO NOVO";"Sim";""
"Mesa";"PR-BI-11";"";"";"Praia";"PALMAREJO NOVO";"Sim";""
"Mesa";"PR-BI-12";"";"";"Praia";"PALMAREJO NOVO";"Sim";""
"Mesa";"PR-BI-13";"";"";"Praia";"PALMAREJO NOVO";"Sim";""
"Mesa";"PR-BI-14";"";"";"Praia";"PALMAREJO NOVO";"Sim";""
"Mesa";"PR-BI-15";"";"";"Praia";"PALMAREJO NOVO";"Sim";""
"Mesa";"PR-BI-16";"";"";"Praia";"PALMAREJO NOVO";"Sim";""
"Mesa";"PR-BI-17";"";"";"Praia";"PALMAREJO NOVO";"Sim";""
"Mesa";"PR-BI-18";"";"";"Praia";"PALMAREJO NOVO";"Sim";""
"Mesa";"PR-BI-19";"";"";"Praia";"PALMAREJO NOVO";"Sim";""
"Mesa";"PR-AM-01";"";"";"Praia";"PENSAMENTO";"Sim";""
"Mesa";"PR-AM-02";"";"";"Praia";"PENSAMENTO";"Sim";""
"Mesa";"PR-AM-03";"";"";"Praia";"PENSAMENTO";"Sim";""
"Mesa";"PR-AM-04";"";"";"Praia";"PENSAMENTO";"Sim";""
"Mesa";"PR-AM-05";"";"";"Praia";"PENSAMENTO";"Sim";""
"Mesa";"PR-AX-01";"";"";"Praia";"PLATEAU";"Sim";""
"Mesa";"PR-AX-02";"";"";"Praia";"PLATEAU";"Sim";""
"Mesa";"PR-AX-03";"";"";"Praia";"PLATEAU";"Sim";""
"Mesa";"PR-AR-01";"";"";"Praia";"PONTA D` AGUA";"Sim";""
"Mesa";"PR-AR-02";"";"";"Praia";"PONTA D` AGUA";"Sim";""
"Mesa";"PR-AR-03";"";"";"Praia";"PONTA D` AGUA";"Sim";""
"Mesa";"PR-AR-04";"";"";"Praia";"PONTA D` AGUA";"Sim";""
"Mesa";"PR-AR-05";"";"";"Praia";"PONTA D` AGUA";"Sim";""
"Mesa";"PR-AR-06";"";"";"Praia";"PONTA D` AGUA";"Sim";""
"Mesa";"PR-AR-07";"";"";"Praia";"PONTA D` AGUA";"Sim";""
"Mesa";"PR-AR-08";"";"";"Praia";"PONTA D` AGUA";"Sim";""
"Mesa";"PR-AR-09";"";"";"Praia";"PONTA D` AGUA";"Sim";""
"Mesa";"PR-AR-10";"";"";"Praia";"PONTA D` AGUA";"Sim";""
"Mesa";"PR-AR-11";"";"";"Praia";"PONTA D` AGUA";"Sim";""
"Mesa";"PR-AR-12";"";"";"Praia";"PONTA D` AGUA";"Sim";""
"Mesa";"PR-AR-13";"";"";"Praia";"PONTA D` AGUA";"Sim";""
"Mesa";"PR-AR-14";"";"";"Praia";"PONTA D` AGUA";"Sim";""
"Mesa";"PR-BF-01";"";"";"Praia";"PRAINHA";"Sim";""
"Mesa";"PR-AO-01";"";"";"Praia";"SAFENDE";"Sim";""
"Mesa";"PR-AO-02";"";"";"Praia";"SAFENDE";"Sim";""
"Mesa";"PR-AO-03";"";"";"Praia";"SAFENDE";"Sim";""
"Mesa";"PR-AO-04";"";"";"Praia";"SAFENDE";"Sim";""
"Mesa";"PR-AO-05";"";"";"Praia";"SAFENDE";"Sim";""
"Mesa";"PR-AO-06";"";"";"Praia";"SAFENDE";"Sim";""
"Mesa";"PR-AO-07";"";"";"Praia";"SAFENDE";"Sim";""
"Mesa";"PR-AO-08";"";"";"Praia";"SAFENDE";"Sim";""
"Mesa";"PR-BC-01";"";"";"Praia";"SÃO FRANCISCO";"Sim";""
"Mesa";"PR-BC-02";"";"";"Praia";"SÃO FRANCISCO";"Sim";""
"Mesa";"PR-BG-01";"";"";"Praia";"SÃO MARTINHO PEQUENO";"Sim";""
"Mesa";"PR-BG-02";"";"";"Praia";"SÃO MARTINHO PEQUENO";"Sim";""
"Mesa";"PR-BG-03";"";"";"Praia";"SÃO MARTINHO PEQUENO";"Sim";""
"Mesa";"PR-BG-04";"";"";"Praia";"SÃO MARTINHO PEQUENO";"Sim";""
"Mesa";"PR-BG-05";"";"";"Praia";"SÃO MARTINHO PEQUENO";"Sim";""
"Mesa";"PR-BQ-01";"";"";"Praia";"SÃO PAULO";"Sim";""
"Mesa";"PR-AP-01";"";"";"Praia";"SÃO PEDRO";"Sim";""
"Mesa";"PR-AP-02";"";"";"Praia";"SÃO PEDRO";"Sim";""
"Mesa";"PR-AP-03";"";"";"Praia";"SÃO PEDRO";"Sim";""
"Mesa";"PR-AP-04";"";"";"Praia";"SÃO PEDRO";"Sim";""
"Mesa";"PR-AP-05";"";"";"Praia";"SÃO PEDRO";"Sim";""
"Mesa";"PR-BB-01";"";"";"Praia";"SÃO TOME/PORTETE";"Sim";""
"Mesa";"PR-AE-01";"";"";"Praia";"TERRA BRANCA";"Sim";""
"Mesa";"PR-AE-02";"";"";"Praia";"TERRA BRANCA";"Sim";""
"Mesa";"PR-AE-03";"";"";"Praia";"TERRA BRANCA";"Sim";""
"Mesa";"PR-AE-04";"";"";"Praia";"TERRA BRANCA";"Sim";""
"Mesa";"PR-AE-05";"";"";"Praia";"TERRA BRANCA";"Sim";""
"Mesa";"PR-AE-06";"";"";"Praia";"TERRA BRANCA";"Sim";""
"Mesa";"PR-AE-07";"";"";"Praia";"TERRA BRANCA";"Sim";""
"Mesa";"PR-AE-08";"";"";"Praia";"TERRA BRANCA";"Sim";""
"Mesa";"PR-AE-09";"";"";"Praia";"TERRA BRANCA";"Sim";""
"Mesa";"PR-AD-01";"";"";"Praia";"TIRA CHAPÉU";"Sim";""
"Mesa";"PR-AD-02";"";"";"Praia";"TIRA CHAPÉU";"Sim";""
"Mesa";"PR-AD-03";"";"";"Praia";"TIRA CHAPÉU";"Sim";""
"Mesa";"PR-AD-04";"";"";"Praia";"TIRA CHAPÉU";"Sim";""
"Mesa";"PR-AD-05";"";"";"Praia";"TIRA CHAPÉU";"Sim";""
"Mesa";"PR-AD-06";"";"";"Praia";"TIRA CHAPÉU";"Sim";""
"Mesa";"PR-AD-07";"";"";"Praia";"TIRA CHAPÉU";"Sim";""
"Mesa";"PR-AD-08";"";"";"Praia";"TIRA CHAPÉU";"Sim";""
"Mesa";"PR-AD-09";"";"";"Praia";"TIRA CHAPÉU";"Sim";""
"Mesa";"PR-BM-01";"";"";"Praia";"TRINDADE";"Sim";""
"Mesa";"PR-AH-01";"";"";"Praia";"VARZEA";"Sim";""
"Mesa";"PR-AH-02";"";"";"Praia";"VARZEA";"Sim";""
"Mesa";"PR-AH-03";"";"";"Praia";"VARZEA";"Sim";""
"Mesa";"PR-AH-04";"";"";"Praia";"VARZEA";"Sim";""
"Mesa";"PR-AH-05";"";"";"Praia";"VARZEA";"Sim";""
"Mesa";"PR-AH-06";"";"";"Praia";"VARZEA";"Sim";""
"Mesa";"PR-AH-07";"";"";"Praia";"VARZEA";"Sim";""
"Mesa";"PR-AH-08";"";"";"Praia";"VARZEA";"Sim";""
"Mesa";"PR-BT-01";"";"";"Praia";"VILA ESPERANÇA";"Sim";""
"Mesa";"PR-AQ-01";"";"";"Praia";"VILA NOVA";"Sim";""
"Mesa";"PR-AQ-02";"";"";"Praia";"VILA NOVA";"Sim";""
"Mesa";"PR-AQ-03";"";"";"Praia";"VILA NOVA";"Sim";""
"Mesa";"PR-AQ-04";"";"";"Praia";"VILA NOVA";"Sim";""
"Mesa";"PR-AQ-05";"";"";"Praia";"VILA NOVA";"Sim";""
"Mesa";"PR-AQ-06";"";"";"Praia";"VILA NOVA";"Sim";""
"Mesa";"PR-AQ-07";"";"";"Praia";"VILA NOVA";"Sim";""
"Mesa";"PR-AQ-08";"";"";"Praia";"VILA NOVA";"Sim";""
"Mesa";"RS-BE-01";"";"";"Ribeira Grande de Santiago";"Belém";"Sim";""
"Mesa";"RS-BR-01";"";"";"Ribeira Grande de Santiago";"Bota Ramo";"Sim";""
"Mesa";"RS-CA-01";"";"";"Ribeira Grande de Santiago";"Calabaceira";"Sim";""
"Mesa";"RS-CV-01";"";"";"Ribeira Grande de Santiago";"Cidade velha";"Sim";""
"Mesa";"RS-CV-02";"";"";"Ribeira Grande de Santiago";"Cidade velha";"Sim";""
"Mesa";"RS-CV-03";"";"";"Ribeira Grande de Santiago";"Cidade velha";"Sim";""
"Mesa";"RS-JV-01";"";"";"Ribeira Grande de Santiago";"João Varela";"Sim";""
"Mesa";"RS-MH-01";"";"";"Ribeira Grande de Santiago";"Mosquito de Horta";"Sim";""
"Mesa";"RS-PL-01";"";"";"Ribeira Grande de Santiago";"Pico Leão";"Sim";""
"Mesa";"RS-PL-02";"";"";"Ribeira Grande de Santiago";"Pico Leão";"Sim";""
"Mesa";"RS-PM-01";"";"";"Ribeira Grande de Santiago";"Porto Mosquito";"Sim";""
"Mesa";"RS-PM-02";"";"";"Ribeira Grande de Santiago";"Porto Mosquito";"Sim";""
"Mesa";"RS-SK-01";"";"";"Ribeira Grande de Santiago";"SAO JOAO BAPTISTA 2";"Sim";""
"Mesa";"RS-SA-01";"";"";"Ribeira Grande de Santiago";"Salineiro";"Sim";""
"Mesa";"RS-SA-02";"";"";"Ribeira Grande de Santiago";"Salineiro";"Sim";""
"Mesa";"RS-ST-01";"";"";"Ribeira Grande de Santiago";"Santana";"Sim";""
"Mesa";"RS-ST-02";"";"";"Ribeira Grande de Santiago";"Santana";"Sim";""
"Mesa";"RS-SJ-01";"";"";"Ribeira Grande de Santiago";"São João Baptista";"Sim";""
"Mesa";"RS-SM-01";"";"";"Ribeira Grande de Santiago";"São Martinho Grande";"Sim";""
"Mesa";"RS-SM-02";"";"";"Ribeira Grande de Santiago";"São Martinho Grande";"Sim";""
"Mesa";"RS-TC-01";"";"";"Ribeira Grande de Santiago";"Tronco";"Sim";""
"Mesa";"SA-C-01";"";"";"Sal";"Bairro Novo";"Sim";""
"Mesa";"SA-C-02";"";"";"Sal";"Bairro Novo";"Sim";""
"Mesa";"SA-C-03";"";"";"Sal";"Bairro Novo";"Sim";""
"Mesa";"SA-C-04";"";"";"Sal";"Bairro Novo";"Sim";""
"Mesa";"SA-C-05";"";"";"Sal";"Bairro Novo";"Sim";""
"Mesa";"SA-C-06";"";"";"Sal";"Bairro Novo";"Sim";""
"Mesa";"SA-C-07";"";"";"Sal";"Bairro Novo";"Sim";""
"Mesa";"SA-C-08";"";"";"Sal";"Bairro Novo";"Sim";""
"Mesa";"SA-C-09";"";"";"Sal";"Bairro Novo";"Sim";""
"Mesa";"SA-G-01";"";"";"Sal";"Chã de Matias";"Sim";""
"Mesa";"SA-G-02";"";"";"Sal";"Chã de Matias";"Sim";""
"Mesa";"SA-G-03";"";"";"Sal";"Chã de Matias";"Sim";""
"Mesa";"SA-G-04";"";"";"Sal";"Chã de Matias";"Sim";""
"Mesa";"SA-G-05";"";"";"Sal";"Chã de Matias";"Sim";""
"Mesa";"SA-G-06";"";"";"Sal";"Chã de Matias";"Sim";""
"Mesa";"SA-G-07";"";"";"Sal";"Chã de Matias";"Sim";""
"Mesa";"SA-G-08";"";"";"Sal";"Chã de Matias";"Sim";""
"Mesa";"SA-G-09";"";"";"Sal";"Chã de Matias";"Sim";""
"Mesa";"SA-H-01";"";"";"Sal";"Hortelã";"Sim";""
"Mesa";"SA-H-02";"";"";"Sal";"Hortelã";"Sim";""
"Mesa";"SA-H-03";"";"";"Sal";"Hortelã";"Sim";""
"Mesa";"SA-H-04";"";"";"Sal";"Hortelã";"Sim";""
"Mesa";"SA-H-05";"";"";"Sal";"Hortelã";"Sim";""
"Mesa";"SA-H-06";"";"";"Sal";"Hortelã";"Sim";""
"Mesa";"SA-H-07";"";"";"Sal";"Hortelã";"Sim";""
"Mesa";"SA-A-01";"";"";"Sal";"PRIGUIÇA";"Sim";""
"Mesa";"SA-A-02";"";"";"Sal";"PRIGUIÇA";"Sim";""
"Mesa";"SA-A-03";"";"";"Sal";"PRIGUIÇA";"Sim";""
"Mesa";"SA-A-04";"";"";"Sal";"PRIGUIÇA";"Sim";""
"Mesa";"SA-A-05";"";"";"Sal";"PRIGUIÇA";"Sim";""
"Mesa";"SA-A-06";"";"";"Sal";"PRIGUIÇA";"Sim";""
"Mesa";"SA-A-07";"";"";"Sal";"PRIGUIÇA";"Sim";""
"Mesa";"SA-E-01";"";"";"Sal";"Palmeira";"Sim";""
"Mesa";"SA-E-02";"";"";"Sal";"Palmeira";"Sim";""
"Mesa";"SA-E-03";"";"";"Sal";"Palmeira";"Sim";""
"Mesa";"SA-E-04";"";"";"Sal";"Palmeira";"Sim";""
"Mesa";"SA-F-01";"";"";"Sal";"Pedra de Lume";"Sim";""
"Mesa";"SA-B-01";"";"";"Sal";"RIBEIRA FUNDA";"Sim";""
"Mesa";"SA-B-02";"";"";"Sal";"RIBEIRA FUNDA";"Sim";""
"Mesa";"SA-B-03";"";"";"Sal";"RIBEIRA FUNDA";"Sim";""
"Mesa";"SA-B-04";"";"";"Sal";"RIBEIRA FUNDA";"Sim";""
"Mesa";"SA-D-01";"";"";"Sal";"Santa Maria";"Sim";""
"Mesa";"SA-D-02";"";"";"Sal";"Santa Maria";"Sim";""
"Mesa";"SA-D-03";"";"";"Sal";"Santa Maria";"Sim";""
"Mesa";"SA-D-04";"";"";"Sal";"Santa Maria";"Sim";""
"Mesa";"SA-D-05";"";"";"Sal";"Santa Maria";"Sim";""
"Mesa";"SA-D-06";"";"";"Sal";"Santa Maria";"Sim";""
"Mesa";"SA-D-07";"";"";"Sal";"Santa Maria";"Sim";""
"Mesa";"SA-D-08";"";"";"Sal";"Santa Maria";"Sim";""
"Mesa";"SA-D-09";"";"";"Sal";"Santa Maria";"Sim";""
"Mesa";"SC-F-01";"";"";"Santa Catarina";"Achada Galego";"Sim";""
"Mesa";"SC-F-02";"";"";"Santa Catarina";"Achada Galego";"Sim";""
"Mesa";"SC-C1-01";"";"";"Santa Catarina";"Achada Gomes";"Sim";""
"Mesa";"SC-Z1-01";"";"";"Santa Catarina";"Achada Grande";"Sim";""
"Mesa";"SC-AE-01";"";"";"Santa Catarina";"Achada Leite";"Sim";""
"Mesa";"SC-A4-01";"";"";"Santa Catarina";"Achada Lém";"Sim";""
"Mesa";"SC-A4-02";"";"";"Santa Catarina";"Achada Lém";"Sim";""
"Mesa";"SC-A4-03";"";"";"Santa Catarina";"Achada Lém";"Sim";""
"Mesa";"SC-A4-04";"";"";"Santa Catarina";"Achada Lém";"Sim";""
"Mesa";"SC-AS-01";"";"";"Santa Catarina";"Achada Ponta /Chã Grande";"Sim";""
"Mesa";"SC-J-01";"";"";"Santa Catarina";"Achada Tossa";"Sim";""
"Mesa";"SC-J-02";"";"";"Santa Catarina";"Achada Tossa";"Sim";""
"Mesa";"SC-A-01";"";"";"Santa Catarina";"Assomada";"Sim";""
"Mesa";"SC-A-02";"";"";"Santa Catarina";"Assomada";"Sim";""
"Mesa";"SC-A-03";"";"";"Santa Catarina";"Assomada";"Sim";""
"Mesa";"SC-A-04";"";"";"Santa Catarina";"Assomada";"Sim";""
"Mesa";"SC-A-05";"";"";"Santa Catarina";"Assomada";"Sim";""
"Mesa";"SC-A-06";"";"";"Santa Catarina";"Assomada";"Sim";""
"Mesa";"SC-A-07";"";"";"Santa Catarina";"Assomada";"Sim";""
"Mesa";"SC-A-08";"";"";"Santa Catarina";"Assomada";"Sim";""
"Mesa";"SC-A-09";"";"";"Santa Catarina";"Assomada";"Sim";""
"Mesa";"SC-A-10";"";"";"Santa Catarina";"Assomada";"Sim";""
"Mesa";"SC-A-11";"";"";"Santa Catarina";"Assomada";"Sim";""
"Mesa";"SC-H3-01";"";"";"Santa Catarina";"Banana Semedo Cova Furtado";"Sim";""
"Mesa";"SC-I-01";"";"";"Santa Catarina";"Boentrada";"Sim";""
"Mesa";"SC-I-02";"";"";"Santa Catarina";"Boentrada";"Sim";""
"Mesa";"SC-E-01";"";"";"Santa Catarina";"Boentradinha";"Sim";""
"Mesa";"SC-S-01";"";"";"Santa Catarina";"Cabeça Carreira/Fonteana";"Sim";""
"Mesa";"SC-S-02";"";"";"Santa Catarina";"Cabeça Carreira/Fonteana";"Sim";""
"Mesa";"SC-T2-01";"";"";"Santa Catarina";"Carreira dos Engenhos";"Sim";""
"Mesa";"SC-AF-01";"";"";"Santa Catarina";"Charco";"Sim";""
"Mesa";"SC-A6-01";"";"";"Santa Catarina";"Chã de lagoa";"Sim";""
"Mesa";"SC-X-01";"";"";"Santa Catarina";"Chão de Tanque";"Sim";""
"Mesa";"SC-X-02";"";"";"Santa Catarina";"Chão de Tanque";"Sim";""
"Mesa";"SC-AU-01";"";"";"Santa Catarina";"Chão monte/Aguas Podre";"Sim";""
"Mesa";"SC-H-01";"";"";"Santa Catarina";"Cruz Grande";"Sim";""
"Mesa";"SC-H-02";"";"";"Santa Catarina";"Cruz Grande";"Sim";""
"Mesa";"SC-6A-01";"";"";"Santa Catarina";"Entre picos de Reda";"Sim";""
"Mesa";"SC-Q-01";"";"";"Santa Catarina";"Figueira Das Naus";"Sim";""
"Mesa";"SC-U-01";"";"";"Santa Catarina";"Fonti Lima";"Sim";""
"Mesa";"SC-U-02";"";"";"Santa Catarina";"Fonti Lima";"Sim";""
"Mesa";"SC-P-01";"";"";"Santa Catarina";"Fundura";"Sim";""
"Mesa";"SC-P-02";"";"";"Santa Catarina";"Fundura";"Sim";""
"Mesa";"SC-A8-01";"";"";"Santa Catarina";"Furna";"Sim";""
"Mesa";"SC-B-01";"";"";"Santa Catarina";"Gil Bispo";"Sim";""
"Mesa";"SC-B-02";"";"";"Santa Catarina";"Gil Bispo";"Sim";""
"Mesa";"SC-H1-01";"";"";"Santa Catarina";"Japluma/Arribada";"Sim";""
"Mesa";"SC-V1-01";"";"";"Santa Catarina";"João Bernardo";"Sim";""
"Mesa";"SC-O-01";"";"";"Santa Catarina";"João Dias";"Sim";""
"Mesa";"SC-U1-01";"";"";"Santa Catarina";"Junco";"Sim";""
"Mesa";"SC-V-01";"";"";"Santa Catarina";"Librão dos Engenhos";"Sim";""
"Mesa";"SC-H2-01";"";"";"Santa Catarina";"Mancholy";"Sim";""
"Mesa";"SC-H2-02";"";"";"Santa Catarina";"Mancholy";"Sim";""
"Mesa";"SC-Q1-01";"";"";"Santa Catarina";"Marmulano Cuba";"Sim";""
"Mesa";"SC-J1-01";"";"";"Santa Catarina";"Mato Baixo";"Sim";""
"Mesa";"SC-X1-01";"";"";"Santa Catarina";"Mato Sanches";"Sim";""
"Mesa";"SC-A1-01";"";"";"Santa Catarina";"Mato gegé";"Sim";""
"Mesa";"SC-G-01";"";"";"Santa Catarina";"Nhagar";"Sim";""
"Mesa";"SC-G-02";"";"";"Santa Catarina";"Nhagar";"Sim";""
"Mesa";"SC-G-03";"";"";"Santa Catarina";"Nhagar";"Sim";""
"Mesa";"SC-Y-01";"";"";"Santa Catarina";"Palha Carga";"Sim";""
"Mesa";"SC-Y-02";"";"";"Santa Catarina";"Palha Carga";"Sim";""
"Mesa";"SC-B1-01";"";"";"Santa Catarina";"Pau Verde";"Sim";""
"Mesa";"SC-C-01";"";"";"Santa Catarina";"Pedra Barro";"Sim";""
"Mesa";"SC-M-01";"";"";"Santa Catarina";"Pingo Chuva";"Sim";""
"Mesa";"SC-AA-01";"";"";"Santa Catarina";"Pinha dos Engenhos";"Sim";""
"Mesa";"SC-RA-01";"";"";"Santa Catarina";"Ribeira Acima";"Sim";""
"Mesa";"SC-AB-01";"";"";"Santa Catarina";"Ribeira da Barca";"Sim";""
"Mesa";"SC-AB-02";"";"";"Santa Catarina";"Ribeira da Barca";"Sim";""
"Mesa";"SC-AB-03";"";"";"Santa Catarina";"Ribeira da Barca";"Sim";""
"Mesa";"SC-AB-04";"";"";"Santa Catarina";"Ribeira da Barca";"Sim";""
"Mesa";"SC-L-01";"";"";"Santa Catarina";"Ribeirão Manuel";"Sim";""
"Mesa";"SC-L-02";"";"";"Santa Catarina";"Ribeirão Manuel";"Sim";""
"Mesa";"SC-A2-01";"";"";"Santa Catarina";"Ribeirão isabel";"Sim";""
"Mesa";"SC-Z-01";"";"";"Santa Catarina";"Rincão";"Sim";""
"Mesa";"SC-Z-02";"";"";"Santa Catarina";"Rincão";"Sim";""
"Mesa";"SC-A3-01";"";"";"Santa Catarina";"Saltos Cima";"Sim";""
"Mesa";"SC-C2-01";"";"";"Santa Catarina";"Sedguma";"Sim";""
"Mesa";"SC-R-01";"";"";"Santa Catarina";"Serra Malagueta";"Sim";""
"Mesa";"SC-T-01";"";"";"Santa Catarina";"Telhal";"Sim";""
"Mesa";"SC-L2-01";"";"";"Santa Catarina";"Tomba Touro";"Sim";""
"Mesa";"CF-I-01";"";"";"Santa Catarina do Fogo";"ACHADA FURNA";"Sim";""
"Mesa";"CF-J-01";"";"";"Santa Catarina do Fogo";"CABEÇA FUNDÃO";"Sim";""
"Mesa";"CF-L-01";"";"";"Santa Catarina do Fogo";"CHÃ DAS CALDEIRAS";"Sim";""
"Mesa";"CF-B-01";"";"";"Santa Catarina do Fogo";"COVA FIGUEIRA";"Sim";""
"Mesa";"CF-B-02";"";"";"Santa Catarina do Fogo";"COVA FIGUEIRA";"Sim";""
"Mesa";"CF-B-03";"";"";"Santa Catarina do Fogo";"COVA FIGUEIRA";"Sim";""
"Mesa";"CF-D-01";"";"";"Santa Catarina do Fogo";"ESTANCIA ROQUE";"Sim";""
"Mesa";"CF-H-01";"";"";"Santa Catarina do Fogo";"FIGUEIRA PAVÃO";"Sim";""
"Mesa";"CF-G-01";"";"";"Santa Catarina do Fogo";"FONTE ALEIXO/ ACHADA POIO";"Sim";""
"Mesa";"CF-G-02";"";"";"Santa Catarina do Fogo";"FONTE ALEIXO/ ACHADA POIO";"Sim";""
"Mesa";"CF-A-01";"";"";"Santa Catarina do Fogo";"MARIA DA CRUZ / DOMINGOS LOBOS";"Sim";""
"Mesa";"CF-F-01";"";"";"Santa Catarina do Fogo";"MONTE VERMELHO";"Sim";""
"Mesa";"CF-C-01";"";"";"Santa Catarina do Fogo";"MÃE JOANA/ BALUARTE";"Sim";""
"Mesa";"CF-E-01";"";"";"Santa Catarina do Fogo";"ROÇADAS";"Sim";""
"Mesa";"CF-M-01";"";"";"Santa Catarina do Fogo";"TINTEIRA/ COVA MATINHO";"Sim";""